Place ID,الاسم بالعربي,الاسم بالإنجليزي,التصنيف,Latitude,Longitude,مستوى السعر,Tags,Description,التقييم,عدد التقييمات,العنوان,رابط خرائط جوجل,رقم الهاتف,الموقع الإلكتروني,الأحد,الاثنين,الثلاثاء,الأربعاء,الخميس,الجمعة,السبت
ChIJbY9pHYihHBURWQg36BlxV8k,حدائق الحسين,AlHussein Public Parks,حدائق,31.986885,35.828058,1,جلسات خارجية، أطفال، طبيعة، عائلي,حدائق الحسين هو معلم مميز في عمان ضمن تصنيف (حدائق) يقع في XRQH+RMQ Al Hussein Gardens، شارع الملك عبدالله الثاني A208، عمّان.,4.3,23393,XRQH+RMQ Al Hussein Gardens، شارع الملك عبدالله الثاني A208، عمّان,https://maps.google.com/?cid=14508189080681384025,(06) 541 1748,,6:00 ص – 11:00 م,6:00 ص – 11:00 م,مغلق,5:00–11:00 م,6:00 ص – 11:00 م,6:00 ص – 11:00 م,5:00–11:00 م
ChIJm6cM_GKgHBURqrFKjQwwrBk,حديقة زهران,Zahran Park,"حدائق, شوارع ومناطق سياحية",31.9544567,35.9020094,1,جلسات خارجية، أطفال، طبيعة، عائلي,"حديقة زهران هو معلم مميز في عمان ضمن تصنيف (حدائق, شوارع ومناطق سياحية) يقع في شارع مثقال الفايز 52، عمّان.",4.2,2238,شارع مثقال الفايز 52، عمّان,https://maps.google.com/?cid=1849906377410654634,,,8:00 ص – 12:00 ص,8:00 ص – 12:00 ص,8:00 ص – 12:00 ص,8:00 ص – 12:00 ص,8:00 ص – 12:00 ص,8:00 ص – 12:00 ص,8:00 ص – 12:00 ص
ChIJYey6Qk1fGxURGzf8maQMC3E,حدائق الملك عبدالله الثاني,King Abdullah II Park,حدائق,31.9058158,35.9268316,1,جلسات خارجية، أطفال، طبيعة، عائلي,حدائق الملك عبدالله الثاني هو معلم مميز في عمان ضمن تصنيف (حدائق) يقع في المقابلين، عمّان.,4.2,6053,المقابلين، عمّان,https://maps.google.com/?cid=8145618252127287067,,,8:00 ص – 10:00 م,8:00 ص – 10:00 م,8:00 ص – 10:00 م,8:00 ص – 10:00 م,8:00 ص – 10:00 م,8:00 ص – 10:00 م,8:00 ص – 10:00 م
ChIJ9TJQ-uFfGxUR2NJiNKo2Uck,حديقة الأمير الحسين بن عبدالله,Prince AlHussein bin Abdullah Park,حدائق,31.9817769,35.9319667,1,جلسات خارجية، أطفال، طبيعة، عائلي,حديقة الأمير الحسين بن عبدالله هو معلم مميز في عمان ضمن تصنيف (حدائق) يقع في XWJJ+PQ8، عمّان.,3.9,1073,XWJJ+PQ8، عمّان,https://maps.google.com/?cid=14506435979388310232,,,9:00 ص – 12:00 ص,9:00 ص – 12:00 ص,9:00 ص – 12:00 ص,9:00 ص – 12:00 ص,9:00 ص – 12:00 ص,9:00 ص – 12:00 ص,9:00 ص – 12:00 ص
ChIJg9mS-S6gHBUR_bO6RuZ44bQ,الحديقة الألفية,The Millennium Park,حدائق,31.9920919,35.8791984,1,جلسات خارجية، أطفال، طبيعة، عائلي,الحديقة الألفية هو معلم مميز في عمان ضمن تصنيف (حدائق) يقع في XVRH+RMP، عمّان.,4.1,1748,XVRH+RMP، عمّان,https://maps.google.com/?cid=13033831727011378173,,https://www.trfihi-parks.com/ar/park-details/2810-%D8%A7%D9%84%D8%AD%D8%AF%D9%8A%D9%82%D8%A9-%D8%A7%D9%84%D8%A3%D9%84%D9%81%D9%8A%D8%A9,8:00 ص – 10:00 م,مغلق,8:00 ص – 10:00 م,8:00 ص – 10:00 م,8:00 ص – 10:00 م,8:00 ص – 10:00 م,8:00 ص – 10:00 م
ChIJ4bIF5UGgHBURXXijrRj9LFA,حديقة الأمير هاشم للطيور,Prince Hashem Bird Garden,حدائق,31.9712454,35.8927011,1,جلسات خارجية، أطفال، طبيعة، عائلي,حديقة الأمير هاشم للطيور هو معلم مميز في عمان ضمن تصنيف (حدائق) يقع في ش. أحمد عرابي، عمّان.,4.1,5555,ش. أحمد عرابي، عمّان,https://maps.google.com/?cid=5777270704443717725,(06) 566 4436,,8:30 ص – 7:30 م,8:30 ص – 7:30 م,مغلق,8:30 ص – 7:30 م,8:30 ص – 7:30 م,8:30 ص – 7:30 م,8:30 ص – 7:30 م
ChIJ0026L-CgHBUR2CMQ_JdYpl8,حديقة شهداء عمان,Amman Martyrs Park,حدائق,31.9440968,35.8723635,1,جلسات خارجية، أطفال، طبيعة، عائلي,حديقة شهداء عمان هو معلم مميز في عمان ضمن تصنيف (حدائق) يقع في WVVC+JWQ، عمّان.,4.3,1533,WVVC+JWQ، عمّان,https://maps.google.com/?cid=6892293689529344984,(06) 552 8783,,7:00 ص – 11:00 م,7:00 ص – 11:00 م,7:00 ص – 11:00 م,7:00 ص – 11:00 م,7:00 ص – 11:00 م,7:00 ص – 11:30 م,7:00 ص – 11:00 م
ChIJ3dQ4b1aeHBURUuz4ebgJWt8,حديقة الجبيهه,Al Jubaiha Park,حدائق,32.0463523,35.8735967,1,جلسات خارجية، أطفال، طبيعة، عائلي,"حديقة الجبيهه هو معلم مميز في عمان ضمن تصنيف (حدائق) يقع في Nusseir,، 2VWF+GCX، عمّان.",4.1,3954,"Nusseir,، 2VWF+GCX، عمّان",https://maps.google.com/?cid=16094186906286877778,07 7807 7620,http://www.ammancity.gov.jo/,7:00 ص – 10:00 م,7:00 ص – 10:00 م,7:00 ص – 10:00 م,7:00 ص – 10:00 م,7:00 ص – 10:00 م,7:00 ص – 10:00 م,7:00 ص – 10:00 م
ChIJtdCGvvifHBURrISwog_Q36E,حديقة صرح الشهيد المرورية,Martyer's Memorial Traffic Park,حدائق,31.99088,35.9081249,1,جلسات خارجية، أطفال، طبيعة، عائلي,حديقة صرح الشهيد المرورية هو معلم مميز في عمان ضمن تصنيف (حدائق) يقع في XWR5+965، عمّان.,4.2,2341,XWR5+965، عمّان,https://maps.google.com/?cid=11664270325485438124,(06) 551 2918,https://dellooni.com/ar-jo/u/3829/%D8%AD%D8%AF%D9%8A%D9%82%D8%A9-%D8%B5%D8%B1%D8%AD-%D8%A7%D9%84%D8%B4%D9%87%D9%8A%D8%AF-%D8%A7%D9%84%D9%85%D8%B1%D9%88%D8%B1%D9%8A%D8%A9,9:00 ص – 10:00 م,9:00 ص – 10:00 م,9:00 ص – 10:00 م,مغلق,9:00 ص – 10:00 م,9:00 ص – 10:00 م,9:00 ص – 10:00 م
ChIJYa13IrCnHBURLxeYBd1HBok,متنزه عمّان القومي,Amman National Park,"حدائق, شوارع ومناطق سياحية",31.8687916,35.8807368,1,جلسات خارجية، أطفال، طبيعة، عائلي,"متنزه عمّان القومي هو معلم مميز في عمان ضمن تصنيف (حدائق, شوارع ومناطق سياحية) يقع في VV9J+G79, 15, عمّان.",4.0,10851,"VV9J+G79, 15, عمّان",https://maps.google.com/?cid=9873658247663589167,,,نعمل على مدار 24 ساعة,نعمل على مدار 24 ساعة,نعمل على مدار 24 ساعة,نعمل على مدار 24 ساعة,نعمل على مدار 24 ساعة,نعمل على مدار 24 ساعة,نعمل على مدار 24 ساعة
ChIJ2anw-F-gHBURsCe1UQHCWIg,حديقة صلاح الدين,Salah Al-Din Park,حدائق,31.9553412,35.8929258,1,جلسات خارجية، أطفال، طبيعة، عائلي,حديقة صلاح الدين هو معلم مميز في عمان ضمن تصنيف (حدائق) يقع في ش. إبراهيم أيوب 19، عمّان.,4.1,1026,ش. إبراهيم أيوب 19، عمّان,https://maps.google.com/?cid=9824815898030319536,,https://www.trfihi-parks.com/ar/park-details/2820-%D8%AD%D8%AF%D9%8A%D9%82%D8%A9-%D8%B5%D9%84%D8%A7%D8%AD-%D8%A7%D9%84%D8%AF%D9%8A%D9%86,نعمل على مدار 24 ساعة,نعمل على مدار 24 ساعة,نعمل على مدار 24 ساعة,نعمل على مدار 24 ساعة,نعمل على مدار 24 ساعة,نعمل على مدار 24 ساعة,نعمل على مدار 24 ساعة
ChIJjxzA3XWdHBURBlVDbJNnaRI,منتجع الغابة,The Forest Park,حدائق,32.114358,35.8956965,1,جلسات خارجية، أطفال، طبيعة، عائلي,منتجع الغابة هو معلم مميز في عمان ضمن تصنيف (حدائق) يقع في شارع الأردن، عمّان.,4.2,2772,شارع الأردن، عمّان,https://maps.google.com/?cid=1326705448111527174,07 9125 5545,https://linktr.ee/forestparkjo,10:00 ص – 8:00 م,10:00 ص – 8:00 م,10:00 ص – 8:00 م,10:00 ص – 8:00 م,10:00 ص – 8:00 م,10:00 ص – 8:00 م,10:00 ص – 8:00 م
ChIJH9IjWR2gHBURo6fjMtrXAKQ,حديقة الراية الهاشمية,Al Raya Al Hashimiyah Public Park,حدائق,31.9911457,35.9034517,1,جلسات خارجية، أطفال، طبيعة، عائلي,حديقة الراية الهاشمية هو معلم مميز في عمان ضمن تصنيف (حدائق) يقع في XWR3+F94، عمّان.,3.8,2223,XWR3+F94، عمّان,https://maps.google.com/?cid=11817682754376804259,07 9961 0658,https://dellooni.com/ar-jo/u/29258/%D8%AD%D8%AF%D9%8A%D9%82%D8%A9-%D8%A7%D9%84%D8%B1%D8%A7%D9%8A%D8%A9-%D8%A7%D9%84%D9%87%D8%A7%D8%B4%D9%85%D9%8A%D8%A9,نعمل على مدار 24 ساعة,نعمل على مدار 24 ساعة,نعمل على مدار 24 ساعة,نعمل على مدار 24 ساعة,نعمل على مدار 24 ساعة,نعمل على مدار 24 ساعة,نعمل على مدار 24 ساعة
ChIJnWUJKE6gHBURhVpddq1eBUg,حديقة الأميرة إيمان,Princess Iman Park,حدائق,31.9701173,35.8798822,1,جلسات خارجية، أطفال، طبيعة، عائلي,حديقة الأميرة إيمان هو معلم مميز في عمان ضمن تصنيف (حدائق) يقع في ش. الأهواز، عمّان.,4.2,496,ش. الأهواز، عمّان,https://maps.google.com/?cid=5189658244722547333,,,8:00 ص – 8:00 م,8:00 ص – 8:00 م,8:00 ص – 8:00 م,8:00 ص – 8:00 م,8:00 ص – 8:00 م,8:00 ص – 8:00 م,8:00 ص – 8:00 م
ChIJ0e6u--mgHBURiCtlfTo1TxQ,الحديقة اليابانية,Japanese Park,حدائق,31.9368102,35.8895019,1,جلسات خارجية، أطفال، طبيعة، عائلي,الحديقة اليابانية هو معلم مميز في عمان ضمن تصنيف (حدائق) يقع في ش. الأمير هاشم، عمّان.,4.1,1418,ش. الأمير هاشم، عمّان,https://maps.google.com/?cid=1463446929246858120,(06) 566 4569,https://www.ammonnews.net/article/65356,نعمل على مدار 24 ساعة,نعمل على مدار 24 ساعة,نعمل على مدار 24 ساعة,نعمل على مدار 24 ساعة,نعمل على مدار 24 ساعة,نعمل على مدار 24 ساعة,نعمل على مدار 24 ساعة
ChIJF5pvdIehHBUR4jfQT9e4yl8,القرية الثقافية,Cultural Village,حدائق,31.9830929,35.8291425,1,جلسات خارجية، أطفال، طبيعة، عائلي,القرية الثقافية هو معلم مميز في عمان ضمن تصنيف (حدائق) يقع في XRMH+6MJ، عمّان.,4.1,523,XRMH+6MJ، عمّان,https://maps.google.com/?cid=6902532613795231714,,https://www.facebook.com/%D8%AD%D8%AF%D8%A7%D8%A6%D9%82-%D8%A7%D9%84%D9%85%D9%84%D9%83-%D8%AD%D8%B3%D9%8A%D9%86-%D8%B7%D9%8A%D8%A8-%D8%A7%D9%84%D9%84%D9%87-%D8%AB%D8%B1%D8%A7%D9%87-333788780050905/,8:00 ص – 9:45 م,8:00 ص – 9:45 م,مغلق,8:00 ص – 9:45 م,8:00 ص – 9:45 م,8:00 ص – 9:45 م,8:00 ص – 9:45 م
ChIJUbgdhvShHBURB48u9UzuVvA,حديقة ضاحية الحسين,AlHussein Suburb Park,حدائق,31.9693821,35.8812524,1,جلسات خارجية، أطفال، طبيعة، عائلي,حديقة ضاحية الحسين هو معلم مميز في عمان ضمن تصنيف (حدائق) يقع في XV9J+QG2، ش. ضاحية الحسين، عمّان.,4.3,400,XV9J+QG2، ش. ضاحية الحسين، عمّان,https://maps.google.com/?cid=17318291431398215431,,,8:00 ص – 10:00 م,8:00 ص – 10:00 م,8:00 ص – 10:00 م,8:00 ص – 10:00 م,8:00 ص – 10:00 م,8:00 ص – 10:00 م,8:00 ص – 10:00 م
ChIJ4TRo7eSgHBURBb19X87Fez0,حديقة الديار,AlDiyar Park,حدائق,31.9482036,35.8785166,1,جلسات خارجية، أطفال، طبيعة، عائلي,حديقة الديار هو معلم مميز في عمان ضمن تصنيف (حدائق) يقع في WVXH+7CJ، ش. أحمد العروسي، عمّان.,4.3,390,WVXH+7CJ، ش. أحمد العروسي، عمّان,https://maps.google.com/?cid=4430352148605025541,,,8:00 ص – 10:00 م,8:00 ص – 10:00 م,8:00 ص – 10:00 م,8:00 ص – 10:00 م,8:00 ص – 10:00 م,8:00 ص – 10:00 م,8:00 ص – 10:00 م
ChIJCTB5L8ihHBURW3iJM24W6PM,الحديقة المرورية,Traffic Park,حدائق,31.9852597,35.8627797,1,جلسات خارجية، أطفال، طبيعة، عائلي,الحديقة المرورية هو معلم مميز في عمان ضمن تصنيف (حدائق) يقع في XVP7+442، عمّان.,4.1,2234,XVP7+442، عمّان,https://maps.google.com/?cid=17575322208380221531,07 9517 8464,https://alghad.com/%D8%A7%D9%84%D8%AD%D8%AF%D9%8A%D9%82%D8%A9-%D8%A7%D9%84%D9%85%D8%B1%D9%88%D8%B1%D9%8A%D8%A9-%D8%A7%D9%84%D8%AA%D8%B1%D9%81%D9%8A%D9%87-%D8%B9%D9%86%D8%AF%D9%85%D8%A7-%D9%8A%D8%B5%D8%A8%D8%AD-%D8%A3/,8:00 ص – 10:00 م,مغلق,8:00 ص – 10:00 م,8:00 ص – 10:00 م,8:00 ص – 10:00 م,8:00 ص – 10:00 م,8:00 ص – 10:00 م
ChIJ5cHp97-nHBURb-bItd6IyAI,غابة ملك مملكة البحرين _ غمدان,Ghamdan Park,حدائق,31.8563819,35.8926515,1,جلسات خارجية، أطفال، طبيعة، عائلي,غابة ملك مملكة البحرين _ غمدان هو معلم مميز في عمان ضمن تصنيف (حدائق) يقع في VV4V+H32، عمّان.,3.9,4389,VV4V+H32، عمّان,https://maps.google.com/?cid=200560673531946607,(06) 412 5291,,نعمل على مدار 24 ساعة,نعمل على مدار 24 ساعة,نعمل على مدار 24 ساعة,نعمل على مدار 24 ساعة,نعمل على مدار 24 ساعة,نعمل على مدار 24 ساعة,نعمل على مدار 24 ساعة
ChIJJ25PTwCfHBURtJ310XKgr9Q,لونا بارك,Luna park,ملاهي,32.0127123,35.842462,3,أنشطة ومغامرة، ترفيه، أطفال وشباب,لونا بارك هو معلم مميز في عمان ضمن تصنيف (ملاهي) يقع في شارع الملك عبدالله الثاني، عمّان.,4.7,369,شارع الملك عبدالله الثاني، عمّان,https://maps.google.com/?cid=15325644471974337972,07 9109 8989,,11:00 ص – 11:00 م,11:00 ص – 11:00 م,11:00 ص – 11:00 م,11:00 ص – 11:00 م,11:00 ص – 11:00 م,2:00–11:00 م,11:00 ص – 11:00 م
ChIJEafuvDunHBURLKaIAaDXA9k,أيكون 7,ICON7,ملاهي,31.8621035,35.8922632,3,أنشطة ومغامرة، ترفيه، أطفال وشباب,ICON7 هو معلم مميز في عمان ضمن تصنيف (ملاهي) يقع في VV6V+W23، عمّان.,4.2,1180,VV6V+W23، عمّان,https://maps.google.com/?cid=15637579413380965932,07 9079 3311,,10:00 ص – 12:00 ص,10:00 ص – 12:00 ص,10:00 ص – 12:00 ص,10:00 ص – 12:00 ص,10:00 ص – 12:00 ص,10:00 ص – 12:00 ص,10:00 ص – 12:00 ص
ChIJKSgwgepfGxUR6iw07dRdOPQ,فن بارك,Fun Park,ملاهي,31.9012857,35.9576974,3,أنشطة ومغامرة، ترفيه، أطفال وشباب,Fun Park هو معلم مميز في عمان ضمن تصنيف (ملاهي) يقع في ش. إبراهيم الراشد الحناطي 73، عمّان.,4.5,117,ش. إبراهيم الراشد الحناطي 73، عمّان,https://maps.google.com/?cid=17597918713044282602,07 9111 0855,,12:00–10:00 م,12:00–10:00 م,12:00–10:00 م,12:00–10:00 م,12:00–10:00 م,12:00–10:00 م,12:00–10:00 م
ChIJc5bdaN6hHBUR_egY20EqcqQ,اوسكار كيدز بارك,Oscar Kids Park - Al-Yasmeen,ملاهي,31.9250623,35.8961501,3,أنشطة ومغامرة، ترفيه، أطفال وشباب,اوسكار كيدز بارك هو معلم مميز في عمان ضمن تصنيف (ملاهي) يقع في عمّان.,4.5,394,عمّان,https://maps.google.com/?cid=11849580031902279933,07 9274 4456,https://www.facebook.com/OscarKidsPark,10:00 ص – 12:00 ص,10:00 ص – 12:00 ص,10:00 ص – 12:00 ص,10:00 ص – 12:00 ص,10:00 ص – 12:00 ص,1:30 م – 12:00 ص,10:00 ص – 12:00 ص
ChIJaek7HQChHBURoiYjHmnzDrY,وونكالاند,Wonkaland,ملاهي,31.9671875,35.8759375,3,أنشطة ومغامرة، ترفيه، أطفال وشباب,Wonkaland هو معلم مميز في عمان ضمن تصنيف (ملاهي) يقع في ش. شط العرب 8، عمّان.,4.9,1095,ش. شط العرب 8، عمّان,https://maps.google.com/?cid=13118690397379569314,07 9222 4220,http://www.wonkalandjo.com/,10:00 ص – 10:00 م,10:00 ص – 10:00 م,10:00 ص – 10:00 م,8:00 ص – 11:57 م,10:00 ص – 11:00 م,1:30–11:00 م,10:00 ص – 11:00 م
ChIJZy8VPJWnHBURSxuGDTqiAfE,ماجيك لاند,Magic Land,ملاهي,31.8565,35.895199,3,أنشطة ومغامرة، ترفيه، أطفال وشباب,"ماجيك لاند هو معلم مميز في عمان ضمن تصنيف (ملاهي) يقع في The King of Bahrain Forest, Queen Alia Airport St 461، عمّان.",3.9,736,"The King of Bahrain Forest, Queen Alia Airport St 461، عمّان",https://maps.google.com/?cid=17366340008336038731,07 9707 0028,http://magiclandjo.com/,4:00 م – 12:00 ص,4:00 م – 12:00 ص,4:00 م – 12:00 ص,4:00 م – 12:00 ص,4:00 م – 12:00 ص,2:00 م – 12:00 ص,4:00 م – 12:00 ص
ChIJ6_F5-xpfGxURVBq7awrpwg4,مدينة القرية الأردنية الترفيهية - المقابلين,Jordan Village Amusement City - Al Muqabalain,ملاهي,31.9124263,35.9188526,3,أنشطة ومغامرة، ترفيه، أطفال وشباب,مدينة القرية الأردنية الترفيهية - المقابلين هو معلم مميز في عمان ضمن تصنيف (ملاهي) يقع في ش. الصخرة المشرفة، عمّان.,3.9,2532,ش. الصخرة المشرفة، عمّان,https://maps.google.com/?cid=1063668692979227220,07 9771 7208,https://www.facebook.com/%D9%85%D8%AF%D9%8A%D9%86%D8%A9-%D8%A7%D9%84%D9%82%D8%B1%D9%8A%D8%A9-%D8%A7%D9%84%D8%A3%D8%B1%D8%AF%D9%86%D9%8A%D8%A9-%D8%A7%D9%84%D8%AA%D8%B1%D9%81%D9%8A%D9%87%D9%8A%D8%A9-242833766267223/,4:00 م – 1:00 ص,4:00 م – 1:00 ص,4:00 م – 1:00 ص,4:00 م – 1:00 ص,4:00 م – 1:00 ص,4:00 م – 1:00 ص,4:00 م – 1:00 ص
ChIJxX3DcOanHBURwENYQpXjuMM,جزيرة ألعاب الحرية,Al Hurriyah Games island,"الأماكن المائية, ملاهي",31.9041187,35.8874758,3,أنشطة ومغامرة، ترفيه، أطفال وشباب,"Al Hurriyah Games island هو معلم مميز في عمان ضمن تصنيف (الأماكن المائية, ملاهي) يقع في ش. الحرية، عمّان.",4.0,412,ش. الحرية، عمّان,https://maps.google.com/?cid=14103272463313421248,07 9143 4448,https://www.facebook.com/Gamesisland.jo/,11:00 ص – 11:00 م,11:00 ص – 11:00 م,11:00 ص – 11:00 م,11:00 ص – 11:00 م,11:00 ص – 11:00 م,2:00–11:00 م,11:00 ص – 11:00 م
ChIJtyxM4SqgHBURxokiW8Cp53E,جلاكسي بارك,Galaxy Park,ملاهي,31.9990072,35.8732637,3,أنشطة ومغامرة، ترفيه، أطفال وشباب,جلاكسي بارك هو معلم مميز في عمان ضمن تصنيف (ملاهي) يقع في ش. المدينة المنورة 270، عمّان.,4.2,1738,ش. المدينة المنورة 270، عمّان,https://maps.google.com/?cid=8207715489533823430,07 9108 8888,http://www.galaxyparkjo.com/,11:00 ص – 11:00 م,11:00 ص – 11:00 م,11:00 ص – 11:00 م,11:00 ص – 11:00 م,11:00 ص – 11:00 م,2:00–11:00 م,11:00 ص – 11:00 م
ChIJKcz1CLCnHBURb7nY-VbZ-tE,مدينة كتاو للألعاب الترفيهية,Kataw amusement park,ملاهي,31.8688656,35.8823347,3,أنشطة ومغامرة، ترفيه، أطفال وشباب,"مدينة كتاو للألعاب الترفيهية هو معلم مميز في عمان ضمن تصنيف (ملاهي) يقع في National Park 492, طريق المطار، عمّان.",4.0,119,"National Park 492, طريق المطار، عمّان",https://maps.google.com/?cid=15130644865686747503,07 7040 9118,,9:00 ص – 12:00 ص,9:00 ص – 12:00 ص,9:00 ص – 12:00 ص,9:00 ص – 12:00 ص,9:00 ص – 12:00 ص,9:00 ص – 12:00 ص,9:00 ص – 12:00 ص
ChIJsa0rcWehHBURZsrRQwPUgTI,جالاكسي بارك,Galaxy Park,ملاهي,31.9878574,35.8964465,3,أنشطة ومغامرة، ترفيه، أطفال وشباب,"Galaxy Park هو معلم مميز في عمان ضمن تصنيف (ملاهي) يقع في Jamaa Street Mukhtar Mall, XVQW+4HW، د. المدينة الرياضية، عمّان.",4.3,224,"Jamaa Street Mukhtar Mall, XVQW+4HW، د. المدينة الرياضية، عمّان",https://maps.google.com/?cid=3639423084379884134,07 9108 8888,http://www.galaxyparkjo.com/,,,,,,,
ChIJTyrEw5WhHBURbFOvtbkIxac,جالاكسي بارك - تاج مول,Galaxy Park Taj Mall,ملاهي,31.9415995,35.8883134,3,أنشطة ومغامرة، ترفيه، أطفال وشباب,Galaxy Park Taj Mall هو معلم مميز في عمان ضمن تصنيف (ملاهي) يقع في Taj Life Style - Food Court Amman عمّان تاج مول الطابق ،، عمّان.,3.8,679,Taj Life Style - Food Court Amman عمّان تاج مول الطابق ،، عمّان,https://maps.google.com/?cid=12089078368456102764,07 9800 8888,,نعمل على مدار 24 ساعة,نعمل على مدار 24 ساعة,نعمل على مدار 24 ساعة,نعمل على مدار 24 ساعة,نعمل على مدار 24 ساعة,نعمل على مدار 24 ساعة,نعمل على مدار 24 ساعة
ChIJi9-qAwugHBURgRZNx46quto,مدينة الحسين الترفيهية,Hussain Luna Park,ملاهي,31.9706859,35.9122848,3,أنشطة ومغامرة، ترفيه، أطفال وشباب,مدينة الحسين الترفيهية هو معلم مميز في عمان ضمن تصنيف (ملاهي) يقع في ش. قاسم الريماوي 35، عمّان.,3.9,2578,ش. قاسم الريماوي 35، عمّان,https://maps.google.com/?cid=15761097376142268033,,,1:00 م – 1:00 ص,12:00 م – 1:00 ص,4:00 م – 1:00 ص,4:00 م – 1:00 ص,4:00 م – 1:00 ص,4:00 م – 1:00 ص,11:00 ص – 11:00 م
ChIJqRfFj5uhHBURKiEh7Q0TLpA,جرافيتي,Gravity,ملاهي,31.978087,35.844178,3,أنشطة ومغامرة، ترفيه، أطفال وشباب,Gravity هو معلم مميز في عمان ضمن تصنيف (ملاهي) يقع في ش. مكة، عمّان.,4.1,457,ش. مكة، عمّان,https://maps.google.com/?cid=10389262340924186922,07 9600 0178,,10:00 ص – 10:00 م,10:00 ص – 10:00 م,10:00 ص – 10:00 م,10:00 ص – 10:00 م,10:00 ص – 10:00 م,2:00–10:00 م,10:00 ص – 10:00 م
ChIJV53mjr6nHBURpBKa_x-TpNg,منتجع أمواج عمان المائي,Amman Waves,"الأماكن المائية, ملاهي",31.8611062,35.8906151,3,أنشطة ومغامرة، ترفيه، أطفال وشباب,"Amman Waves Aqua Park and Resort هو معلم مميز في عمان ضمن تصنيف (الأماكن المائية, ملاهي) يقع في طريق المطار، عمّان.",4.0,3153,طريق المطار، عمّان,https://maps.google.com/?cid=15610763974014538404,(06) 412 1704,,10:00 ص – 7:00 م,10:00 ص – 7:00 م,10:00 ص – 7:00 م,10:00 ص – 7:00 م,10:00 ص – 7:00 م,10:00 ص – 7:00 م,10:00 ص – 7:00 م
ChIJT3kP54ShHBURyIZKvKyhmJg,جينجوز جنجل,Jingos Jungle,ملاهي,31.9805676,35.8382295,3,أنشطة ومغامرة، ترفيه، أطفال وشباب,"Jingos Jungle هو معلم مميز في عمان ضمن تصنيف (ملاهي) يقع في City Mall, شارع الملك عبدالله الثاني 295، عمّان.",4.1,735,"City Mall, شارع الملك عبدالله الثاني 295، عمّان",https://maps.google.com/?cid=10995716253490513608,(06) 582 3700,http://www.jingosjungle.com/,11:00 ص – 11:00 م,11:00 ص – 11:00 م,11:00 ص – 11:00 م,11:00 ص – 11:00 م,11:00 ص – 11:00 م,12:00–11:00 م,11:00 ص – 11:00 م
ChIJVa9ZXhJgGxUR3FJKDKoVHZQ,كوينز بارك,Queens park,ملاهي,31.9926821,35.93405,3,أنشطة ومغامرة، ترفيه، أطفال وشباب,كوينز بارك هو معلم مميز في عمان ضمن تصنيف (ملاهي) يقع في XWVM+3JF، عمّان.,4.0,1181,XWVM+3JF، عمّان,https://maps.google.com/?cid=10672710512032764636,(06) 506 9213,https://www.waffaraktar.com/%D8%B9%D8%B1%D9%88%D8%B6-%D9%83%D9%88%D9%8A%D9%86%D8%B2-%D8%A8%D8%A7%D8%B1%D9%83-%D8%A7%D9%84%D8%A7%D8%B1%D8%AF%D9%86-%D8%AD%D8%AA%D9%89-31-%D8%A3%D9%83%D8%AA%D9%88%D8%A8%D8%B1-2017,8:00 ص – 1:00 ص,8:00 ص – 1:00 ص,8:00 ص – 1:00 ص,8:00 ص – 1:00 ص,8:00 ص – 1:00 ص,8:00 ص – 1:00 ص,8:00 ص – 1:00 ص
ChIJ6a5e2o9fGxURCQ1m1ViKn0c,رومي كافيه,Rumi Cafe and Deli,كافيهات,31.9561361,35.9258616,2,سهرة، جلسات شبابية وعائلية، أكل وشرب,رومي كافيه هو معلم مميز في عمان ضمن تصنيف (كافيهات) يقع في ش. كلية الشريعة 14، عمّان.,4.6,5626,ش. كلية الشريعة 14، عمّان,https://maps.google.com/?cid=5160995812131867913,(06) 464 4131,http://rumijordan.com/,7:00 ص – 11:30 م,7:00 ص – 11:30 م,7:00 ص – 11:30 م,7:00 ص – 11:30 م,7:00 ص – 11:30 م,"7:00 ص – 12:45 م, 1:15–11:30 م",7:00 ص – 11:30 م
ChIJ6bEqS5yhHBURqWN17-8iHq4,كي كوفي,K coffee,كافيهات,31.9668982,35.8737925,2,سهرة، جلسات شبابية وعائلية، أكل وشرب,K coffee هو معلم مميز في عمان ضمن تصنيف (كافيهات) يقع في ش. شط العرب، عمّان.,4.8,2606,ش. شط العرب، عمّان,https://maps.google.com/?cid=12546504025810756521,07 9120 3020,https://kgroupjo.com/k-coffee-house1,8:30 ص – 1:00 ص,8:30 ص – 1:00 ص,8:30 ص – 1:00 ص,8:30 ص – 1:00 ص,8:30 ص – 1:00 ص,8:30 ص – 1:00 ص,8:30 ص – 1:00 ص
ChIJi_17BJGhHBURfkEfGry7Img,ذا أوك كافيه,The Oak Cafe,كافيهات,31.9636963,35.8702131,2,سهرة، جلسات شبابية وعائلية، أكل وشرب,"The Oak Cafe هو معلم مميز في عمان ضمن تصنيف (كافيهات) يقع في Hikman almasri ST, عمّان.",4.6,1601,"Hikman almasri ST, عمّان",https://maps.google.com/?cid=7503766345719169406,07 7109 9222,,10:00 ص – 3:00 ص,10:00 ص – 3:00 ص,10:00 ص – 3:00 ص,10:00 ص – 3:00 ص,10:00 ص – 3:00 ص,10:00 ص – 3:00 ص,10:00 ص – 3:00 ص
ChIJvaPcTqOhHBURrDV7O2wrpHI,ألموند كوفي هاوس - شارع مكة,ALMOND COFFEE HOUSE - Mecca Street,كافيهات,31.9772272,35.8543315,2,سهرة، جلسات شبابية وعائلية، أكل وشرب,"ALMOND COFFEE HOUSE - Mecca Street هو معلم مميز في عمان ضمن تصنيف (كافيهات) يقع في ZaAl-Abu Tayee St., عمّان.",4.6,5328,"ZaAl-Abu Tayee St., عمّان",https://maps.google.com/?cid=8260775360358725036,07 9655 5850,https://almondcoffeehouse.com/,7:00 ص – 2:00 ص,7:00 ص – 2:00 ص,7:00 ص – 2:00 ص,7:00 ص – 2:00 ص,7:00 ص – 2:00 ص,7:00 ص – 2:00 ص,7:00 ص – 2:00 ص
ChIJGz6X_3egHBURV7ChMhDyHog,جنجل فيفر كوفي آند تي هاوس,Jungle Fever Coffee and Tea House,كافيهات,31.9580697,35.9152344,2,سهرة، جلسات شبابية وعائلية، أكل وشرب,"Jungle Fever Coffee and Tea House هو معلم مميز في عمان ضمن تصنيف (كافيهات) يقع في National Gallery of Fine Arts, عمّان.",4.6,701,"National Gallery of Fine Arts, عمّان",https://maps.google.com/?cid=9808543189842374743,07 7599 9303,,9:30 ص – 12:00 ص,9:30 ص – 12:00 ص,9:30 ص – 12:00 ص,9:30 ص – 12:00 ص,9:30 ص – 12:00 ص,12:30 م – 12:00 ص,9:30 ص – 12:00 ص
ChIJiwI2FhChHBURxDEznlkgtrQ,شيشة روف كافيه,Shisha Roof Cafe,كافيهات,31.9875622,35.9027752,2,سهرة، جلسات شبابية وعائلية، أكل وشرب,Shisha Roof Cafe هو معلم مميز في عمان ضمن تصنيف (كافيهات) يقع في ش. الشهيد، عمّان.,4.9,5522,ش. الشهيد، عمّان,https://maps.google.com/?cid=13021630941866701252,07 9997 2900,http://www.shisharoof.com/,9:00 ص – 2:00 ص,9:00 ص – 2:00 ص,9:00 ص – 2:00 ص,9:00 ص – 2:00 ص,9:00 ص – 2:00 ص,2:00 م – 2:00 ص,9:00 ص – 2:00 ص
ChIJ42NaYxBfGxURGpILsSWSaMc,اسطرلاب,Astrolabe Coffee,كافيهات,31.9522782,35.931075,2,سهرة، جلسات شبابية وعائلية، أكل وشرب,اسطرلاب هو معلم مميز في عمان ضمن تصنيف (كافيهات) يقع في شارع الأمير محمد 20، عمّان.,4.8,2039,شارع الأمير محمد 20، عمّان,https://maps.google.com/?cid=14368895301707338266,(06) 490 1539,http://www.astrolabeinvest.com/,7:00 ص – 12:00 ص,7:00 ص – 12:00 ص,7:00 ص – 12:00 ص,7:00 ص – 12:00 ص,7:00 ص – 12:00 ص,9:00 ص – 12:00 ص,7:00 ص – 12:00 ص
ChIJc5ZseQyhHBURg65UICfWIBE,ألموند كوفي هاوس - الرابية,ALMOND COFFEE HOUSE - Rabyeh,كافيهات,31.9723523,35.8792472,2,سهرة، جلسات شبابية وعائلية، أكل وشرب,ALMOND COFFEE HOUSE - Rabyeh هو معلم مميز في عمان ضمن تصنيف (كافيهات) يقع في ش. نعيم عبد الهادي 24، عمّان.,4.7,5637,ش. نعيم عبد الهادي 24، عمّان,https://maps.google.com/?cid=1234221761434005123,07 9845 0111,https://almondcoffeehouse.com/,7:00 ص – 12:00 ص,7:00 ص – 12:00 ص,7:00 ص – 12:00 ص,7:00 ص – 12:00 ص,7:00 ص – 12:00 ص,7:00 ص – 12:00 ص,7:00 ص – 12:00 ص
ChIJ7ak4YJlfGxURd4mIycshcIg,مطعم ومقهى اولد فيو,Old View,كافيهات,31.9489041,35.9316654,2,سهرة، جلسات شبابية وعائلية، أكل وشرب,"مطعم ومقهى اولد فيو هو معلم مميز في عمان ضمن تصنيف (كافيهات) يقع في Umar Ibn Al Khattab, عمّان.",4.4,1445,"Umar Ibn Al Khattab, عمّان",https://maps.google.com/?cid=9831395145693038967,(06) 491 1491,http://oldviewjo.com/,10:00 ص – 12:00 ص,10:00 ص – 12:00 ص,10:00 ص – 12:00 ص,10:00 ص – 12:00 ص,10:00 ص – 12:00 ص,10:00 ص – 12:00 ص,10:00 ص – 12:00 ص
ChIJde94XgChHBUR7Kxwm9QfXeQ,بلومنغ برذرز كوفي,Blooming Brothers Coffee Co,كافيهات,31.9863809,35.8635988,2,سهرة، جلسات شبابية وعائلية، أكل وشرب,Blooming Brothers Coffee Co هو معلم مميز في عمان ضمن تصنيف (كافيهات) يقع في ش. الجاثمية، عمّان.,4.6,682,ش. الجاثمية، عمّان,https://maps.google.com/?cid=16455343611483041004,,https://www.instagram.com/bloomingbrothers.jo,7:00 ص – 1:00 ص,7:00 ص – 1:00 ص,7:00 ص – 1:00 ص,7:00 ص – 1:00 ص,7:00 ص – 1:00 ص,7:00 ص – 1:00 ص,7:00 ص – 1:00 ص
ChIJERRqGDWhHBURAj0A6hgHtt8,ارابيكا,Arabica Amman Al-boulevard %,كافيهات,31.9645877,35.9066338,2,سهرة، جلسات شبابية وعائلية، أكل وشرب,"ارابيكا هو معلم مميز في عمان ضمن تصنيف (كافيهات) يقع في Front cafe italia, Next to makeup for ever, بوليفارد العبدلي، عمّان.",4.8,2552,"Front cafe italia, Next to makeup for ever, بوليفارد العبدلي، عمّان",https://maps.google.com/?cid=16120079719805762818,07 7551 1550,https://arabica.coffee/,7:00 ص – 12:00 ص,7:00 ص – 12:00 ص,7:00 ص – 12:00 ص,7:00 ص – 12:00 ص,7:00 ص – 12:00 ص,7:00 ص – 12:00 ص,7:00 ص – 12:00 ص
ChIJK5Ohmq1fGxURPwQcr2QW8l0,غيشا سبيشالتي كوفي هاوس,Geisha Specialty Coffee House,كافيهات,31.9502921,35.922717,2,سهرة، جلسات شبابية وعائلية، أكل وشرب,"Geisha Specialty Coffee House هو معلم مميز في عمان ضمن تصنيف (كافيهات) يقع في Farabi Street, د. الأول، عمّان.",4.7,469,"Farabi Street, د. الأول، عمّان",https://maps.google.com/?cid=6769497811581666367,07 9960 6288,https://www.instagram.com/geisha.coffee.jo,7:30 ص – 11:00 م,7:30 ص – 11:00 م,7:30 ص – 11:00 م,7:30 ص – 11:00 م,7:30 ص – 11:00 م,8:30 ص – 11:00 م,7:30 ص – 11:00 م
ChIJgxwR0cqhHBURJ-8G8JoxJ5Q,جاف كوفي هاوس,Jav Coffee House,كافيهات,31.9611506,35.8773854,2,سهرة، جلسات شبابية وعائلية، أكل وشرب,Jav Coffee House هو معلم مميز في عمان ضمن تصنيف (كافيهات) يقع في ش. زهران، عمّان.,4.8,613,ش. زهران، عمّان,https://maps.google.com/?cid=10675555983226760999,07 9009 9031,http://www.instagram.com/javcoffeehouse,7:00 ص – 11:55 م,7:00 ص – 11:55 م,7:00 ص – 11:55 م,7:00 ص – 11:55 م,7:00 ص – 11:55 م,7:00 ص – 11:55 م,7:00 ص – 11:55 م
ChIJowiz3dKhHBURkrF_tz4Xfeg,تشابتر 9 كافيه,Chapter 9 Cafe,كافيهات,31.9620428,35.8741078,2,سهرة، جلسات شبابية وعائلية، أكل وشرب,"Chapter 9 Cafe هو معلم مميز في عمان ضمن تصنيف (كافيهات) يقع في XV6F+QJ6 Building 10, ش. جيبوتي، عمّان.",4.4,1430,"XV6F+QJ6 Building 10, ش. جيبوتي، عمّان",https://maps.google.com/?cid=16752571747022123410,07 7553 0300,https://instagram.com/chapter9cafe?igshid=MzRlODBiNWFlZA==,9:00 ص – 11:00 م,9:00 ص – 11:00 م,9:00 ص – 11:00 م,9:00 ص – 11:00 م,9:00 ص – 11:00 م,9:00 ص – 11:00 م,9:00 ص – 11:00 م
ChIJZ-vJSrahHBURAULjaZ5dhio,جاردينيا كافيه,Gardenia Cafe & Lounge,كافيهات,31.9873455,35.8651873,2,سهرة، جلسات شبابية وعائلية، أكل وشرب,"جاردينيا كافيه هو معلم مميز في عمان ضمن تصنيف (كافيهات) يقع في Al-Madina Al-Munawwarah Street, عمّان.",4.5,1513,"Al-Madina Al-Munawwarah Street, عمّان",https://maps.google.com/?cid=3064239531434918401,07 9753 5222,https://www.gardenia-menu.com/,9:00 ص – 1:00 ص,9:00 ص – 1:00 ص,9:00 ص – 1:00 ص,9:00 ص – 1:00 ص,9:00 ص – 1:00 ص,9:00 ص – 1:00 ص,9:00 ص – 1:00 ص
ChIJlZAhIfOhHBURYGLl6sAchtE,دير كافيه,DEER CAFE,كافيهات,31.966854,35.8767547,2,سهرة، جلسات شبابية وعائلية، أكل وشرب,DEER CAFE هو معلم مميز في عمان ضمن تصنيف (كافيهات) يقع في ش. شط العرب 6-12، عمّان.,4.6,570,ش. شط العرب 6-12، عمّان,https://maps.google.com/?cid=15097786415706366560,07 9643 4333,https://www.facebook.com/102636575389357/,9:00 ص – 12:00 ص,9:00 ص – 12:00 ص,9:00 ص – 12:00 ص,9:00 ص – 12:00 ص,9:00 ص – 12:00 ص,9:00 ص – 12:00 ص,9:00 ص – 12:00 ص
ChIJg5EKrNqhHBUR8EVYITHAmgc,كيولايت كوفي هاوس,QLIGHT COFFEE HOUSE,كافيهات,31.9971711,35.8458127,2,سهرة، جلسات شبابية وعائلية، أكل وشرب,"QLIGHT COFFEE HOUSE هو معلم مميز في عمان ضمن تصنيف (كافيهات) يقع في اشارة البنك العربي, عمّان.",4.9,953,"اشارة البنك العربي, عمّان",https://maps.google.com/?cid=547961621924300272,07 9119 1019,https://qlight.jo/,9:00 ص – 1:00 ص,9:00 ص – 1:00 ص,9:00 ص – 1:00 ص,9:00 ص – 1:00 ص,9:00 ص – 1:00 ص,11:00 ص – 1:00 ص,9:00 ص – 1:00 ص
ChIJhdJCJQBfGxURu_GRSa8FonE,نست كوفي,Nest Coffee,كافيهات,31.9563625,35.9269667,2,سهرة، جلسات شبابية وعائلية، أكل وشرب,Nest Coffee هو معلم مميز في عمان ضمن تصنيف (كافيهات) يقع في ش. البعونية 8، عمّان.,4.6,331,ش. البعونية 8، عمّان,https://maps.google.com/?cid=8188113322924700091,07 9599 1047,,7:00 ص – 12:00 ص,7:00 ص – 12:00 ص,7:00 ص – 12:00 ص,7:00 ص – 12:00 ص,7:00 ص – 12:00 ص,7:00 ص – 12:00 ص,7:00 ص – 12:00 ص
ChIJsxj6zPu7HBUR8qX6ljQqOZ8,أرض كافيه,Ardh Cafe,كافيهات,31.9527516,35.7449251,2,سهرة، جلسات شبابية وعائلية، أكل وشرب,أرض كافيه هو معلم مميز في عمان ضمن تصنيف (كافيهات) يقع في عمّان.,4.6,3793,عمّان,https://maps.google.com/?cid=11473247931062724082,07 9844 4494,https://www.instagram.com/ardh_cafe/,10:00 ص – 12:00 ص,10:00 ص – 12:00 ص,10:00 ص – 12:00 ص,10:00 ص – 12:00 ص,10:00 ص – 12:00 ص,10:00 ص – 12:00 ص,10:00 ص – 12:00 ص
ChIJjWcPOpShHBUR76xmDjA3WWI,ملامح كافية,Malameh cafe,كافيهات,31.9738125,35.8678125,2,سهرة، جلسات شبابية وعائلية، أكل وشرب,ملامح كافية هو معلم مميز في عمان ضمن تصنيف (كافيهات) يقع في XVF9+G4R، ش. مكة، عمّان.,4.5,898,XVF9+G4R، ش. مكة، عمّان,https://maps.google.com/?cid=7086756168183753967,07 9203 0209,http://cafemalameh.com/,9:00 ص – 1:00 ص,9:00 ص – 1:00 ص,9:00 ص – 1:00 ص,9:00 ص – 1:00 ص,9:00 ص – 1:00 ص,9:00 ص – 1:00 ص,9:00 ص – 1:00 ص
ChIJmSrMpX2gHBUR6AHbFwqM1P8,مطعم ليفانت,Levant Restaurant,مطاعم,31.952528,35.907408,2,سهرة، جلسات شبابية وعائلية، أكل وشرب,مطعم ليفانت هو معلم مميز في عمان ضمن تصنيف (مطاعم) يقع في د. الثالث، عمّان.,4.6,5581,د. الثالث، عمّان,https://maps.google.com/?cid=18434513149712073192,07 9660 9000,http://www.levant-jo.com/,12:30 م – 12:00 ص,12:30 م – 12:00 ص,12:30 م – 12:00 ص,12:30 م – 12:00 ص,12:30 م – 12:00 ص,12:30 م – 12:00 ص,12:30 م – 12:00 ص
ChIJzx62qrihHBURfislZOLojtk,نكست روفتوب,Next Rooftop,مطاعم,31.9576539,35.9000135,2,سهرة، جلسات شبابية وعائلية، أكل وشرب,Next Rooftop هو معلم مميز في عمان ضمن تصنيف (مطاعم) يقع في Mahmoud Alabidi Street، عمّان.,4.9,1204,Mahmoud Alabidi Street، عمّان,https://maps.google.com/?cid=15676723411963685758,07 7960 0300,,4:00 م – 1:00 ص,4:00 م – 1:00 ص,4:00 م – 1:00 ص,4:00 م – 1:00 ص,4:00 م – 1:00 ص,4:00 م – 1:00 ص,4:00 م – 1:00 ص
ChIJr8qjz7mhHBURfzhI6VC1Pdg,مطعم شين,Sheen restaurant,مطاعم,31.951423,35.915031,2,سهرة، جلسات شبابية وعائلية، أكل وشرب,"مطعم شين هو معلم مميز في عمان ضمن تصنيف (مطاعم) يقع في Second Circle, Villa number 1, ش. أبو تمام، عمّان.",4.6,1347,"Second Circle, Villa number 1, ش. أبو تمام، عمّان",https://maps.google.com/?cid=15581809644887619711,07 7777 4047,https://sheenrestaurant.com/ar/,12:00 م – 12:00 ص,12:00 م – 12:00 ص,12:00 م – 12:00 ص,12:00 م – 12:00 ص,12:00 م – 12:00 ص,9:00 ص – 12:00 ص,9:00 ص – 12:00 ص
ChIJ1f20jDWhHBURvngOayqgTiw,مطعم هاي جاردن روف توب,HIGH GARDEN Rooftop,مطاعم,31.9601864,35.8884399,2,سهرة، جلسات شبابية وعائلية، أكل وشرب,مطعم هاي جاردن روف توب هو معلم مميز في عمان ضمن تصنيف (مطاعم) يقع في ش. رياض المفلح، عمّان.,4.2,2058,ش. رياض المفلح، عمّان,https://maps.google.com/?cid=3192665289897441470,07 7777 4210,https://linktr.ee/HighGardenRooftop,9:00 ص – 1:00 ص,9:00 ص – 1:00 ص,9:00 ص – 1:00 ص,9:00 ص – 1:00 ص,9:00 ص – 1:00 ص,9:00 ص – 1:00 ص,9:00 ص – 1:00 ص
ChIJHarJS0pfGxURUnuirGuUvvs,مطعم الآي,Alee,مطاعم,31.9511496,35.9304645,2,سهرة، جلسات شبابية وعائلية، أكل وشرب,"مطعم الآي هو معلم مميز في عمان ضمن تصنيف (مطاعم) يقع في Jabal Amman ,First Circle، Building number 44، ش. عثمان بن عفان، عمّان.",4.6,486,"Jabal Amman ,First Circle، Building number 44، ش. عثمان بن عفان، عمّان",https://maps.google.com/?cid=18140099539273677650,07 7119 9066,https://instagram.com/aleebyali?utm_medium=copy_link,6:00 م – 12:30 ص,6:00 م – 12:30 ص,6:00 م – 12:30 ص,6:00 م – 12:30 ص,6:00 م – 12:30 ص,"1:00–4:00 م, 6:00 م – 12:30 ص","1:00–4:00 م, 6:00 م – 12:30 ص"
ChIJc_W2uoRfGxURVHmlSZ4M03s,مطعم ميجنا,Mijana,مطاعم,31.950366,35.925376,2,سهرة، جلسات شبابية وعائلية، أكل وشرب,"مطعم ميجنا هو معلم مميز في عمان ضمن تصنيف (مطاعم) يقع في Mijana Ahmad Bin Toulon St 8 First circle, the first، left off، ش. الرينبو، عمّان.",4.8,17362,"Mijana Ahmad Bin Toulon St 8 First circle, the first، left off، ش. الرينبو، عمّان",https://maps.google.com/?cid=8922489160731031892,07 9938 1474,https://www.mijana.shop/,9:00 ص – 12:00 ص,9:00 ص – 12:00 ص,9:00 ص – 12:00 ص,9:00 ص – 12:00 ص,9:00 ص – 12:00 ص,9:00 ص – 12:00 ص,9:00 ص – 12:00 ص
ChIJFT2cMG6gHBURNdsgUrklORc,مطعم جبران,Jubran Restaurant,مطاعم,31.9642781,35.9047844,2,سهرة، جلسات شبابية وعائلية، أكل وشرب,"مطعم جبران هو معلم مميز في عمان ضمن تصنيف (مطاعم) يقع في شارع رفيق الحريري Rafiq Al Hariri Street بوليڤارد العبدلي - مدخل رقم ٢ The Boulevard - Abdali - Entrance 2 عمّان Amman, عمّان.",4.8,41242,"شارع رفيق الحريري Rafiq Al Hariri Street بوليڤارد العبدلي - مدخل رقم ٢ The Boulevard - Abdali - Entrance 2 عمّان Amman, عمّان",https://maps.google.com/?cid=1673410214421912373,07 7712 3456,http://www.jubran.com/,9:00 ص – 1:30 ص,9:00 ص – 1:30 ص,9:00 ص – 1:30 ص,9:00 ص – 1:30 ص,9:00 ص – 1:30 ص,9:00 ص – 1:30 ص,9:00 ص – 1:30 ص
ChIJ1Z1A3c2hHBUR_WRiNvc3Y24,مطعم طواحين الهوا,Tawaheen AlHawa,مطاعم,31.9920881,35.8667752,2,سهرة، جلسات شبابية وعائلية، أكل وشرب,"مطعم طواحين الهوا هو معلم مميز في عمان ضمن تصنيف (مطاعم) يقع في مطعم طواحين الهوا, عمّان.",4.3,12047,"مطعم طواحين الهوا, عمّان",https://maps.google.com/?cid=7954262901775295741,(06) 534 9986,,12:00 م – 12:00 ص,12:00 م – 12:00 ص,12:00 م – 12:00 ص,12:00 م – 12:00 ص,12:00 م – 12:00 ص,12:00 م – 12:00 ص,12:00 م – 12:00 ص
ChIJCfKapt1nGxUR__vu4pjEqlI,سان روفتوب (مطعم وكافيه),San Rooftop (Restaurant & Cafe),مطاعم,31.9956968,35.8306831,2,سهرة، جلسات شبابية وعائلية، أكل وشرب,San Rooftop (Restaurant & Cafe) هو معلم مميز في عمان ضمن تصنيف (مطاعم) يقع في دوار خلدا، عمّان.,4.8,5536,دوار خلدا، عمّان,https://maps.google.com/?cid=5956789618072288255,07 7814 5589,,9:00 ص – 12:00 ص,9:00 ص – 12:00 ص,9:00 ص – 12:00 ص,9:00 ص – 12:00 ص,9:00 ص – 12:00 ص,9:00 ص – 12:00 ص,9:00 ص – 12:00 ص
ChIJO93LxymhHBURyN4z_kjp4Q4,ذا لومبارد عمان,The Lombard Amman,مطاعم,31.9559103,35.9098754,2,سهرة، جلسات شبابية وعائلية، أكل وشرب,"The Lombard Amman هو معلم مميز في عمان ضمن تصنيف (مطاعم) يقع في Grand Hyatt Jabal Amman, Hussein Bin Ali Street amman, عمّان.",4.3,311,"Grand Hyatt Jabal Amman, Hussein Bin Ali Street amman, عمّان",https://maps.google.com/?cid=1072394686002618056,07 9100 1222,https://www.hyattrestaurants.com/en/amman/restaurant/the-lombard/menu,1:00 م – 12:00 ص,1:00 م – 12:00 ص,1:00 م – 12:00 ص,1:00 م – 12:00 ص,1:00 م – 12:00 ص,1:00 م – 12:00 ص,1:00 م – 12:00 ص
ChIJOfB7cwZfGxURIRoSnU5lXBY,مطعم هارت أوف عمان,Heart of Amman Restaurant,مطاعم,31.9520535,35.9287683,2,سهرة، جلسات شبابية وعائلية، أكل وشرب,Heart of Amman Restaurant هو معلم مميز في عمان ضمن تصنيف (مطاعم) يقع في شارع الأمير محمد، عمّان.,4.5,66,شارع الأمير محمد، عمّان,https://maps.google.com/?cid=1611274155008858657,07 7774 6462,https://www.hotel-philosophy.com/,7:00 ص – 12:00 ص,7:00 ص – 12:00 ص,7:00 ص – 12:00 ص,7:00 ص – 12:00 ص,7:00 ص – 12:00 ص,7:00 ص – 12:00 ص,7:00 ص – 12:00 ص
ChIJ8zmPpJlfGxURAHwX8rGN1j8,مطعم فخرالدين,Fakhreldin Restaurant,مطاعم,31.9521382,35.9203806,2,سهرة، جلسات شبابية وعائلية، أكل وشرب,مطعم فخرالدين هو معلم مميز في عمان ضمن تصنيف (مطاعم) يقع في ش. طه حسين، عمّان.,4.5,5470,ش. طه حسين، عمّان,https://maps.google.com/?cid=4600019864815893504,07 9543 0055,http://fakhreldin.com/,1:00 م – 12:00 ص,1:00 م – 12:00 ص,1:00 م – 12:00 ص,1:00 م – 12:00 ص,1:00 م – 12:00 ص,1:00 م – 12:00 ص,1:00 م – 12:00 ص
ChIJc3VAnJtfGxURkbkP6zbhID8,مطعم سُفرة,Sufra Restaurant,مطاعم,31.9492409,35.9291315,2,سهرة، جلسات شبابية وعائلية، أكل وشرب,"مطعم سُفرة هو معلم مميز في عمان ضمن تصنيف (مطاعم) يقع في Sufra Restaurant Al, ش. الرينبو 26، عمّان.",4.2,4443,"Sufra Restaurant Al, ش. الرينبو 26، عمّان",https://maps.google.com/?cid=4548883249632360849,07 7843 2222,https://romerogroup.jo/restaurants/sufra/,12:30–11:00 م,1:00–11:00 م,1:00–11:00 م,1:00–11:00 م,1:00–11:00 م,10:00 ص – 11:00 م,1:00–11:00 م
ChIJYfTSSdqjHBUR0QuIVZ6eJiY,ماتي روفتوب,Matii rooftop,مطاعم,31.9979208,35.8207631,2,سهرة، جلسات شبابية وعائلية، أكل وشرب,"Matii rooftop هو معلم مميز في عمان ضمن تصنيف (مطاعم) يقع في Waleed jamal, عمّان.",4.8,2571,"Waleed jamal, عمّان",https://maps.google.com/?cid=2749059025433267153,07 9063 6599,https://www.instagram.com/matii_rooftop/?hl=en,8:00 ص – 1:00 ص,8:00 ص – 1:00 ص,8:00 ص – 1:00 ص,8:00 ص – 1:00 ص,8:00 ص – 1:00 ص,8:00 ص – 1:00 ص,8:00 ص – 1:00 ص
ChIJJyLZAY1fGxUR3jzvLB0SAW4,مطعم ويلو,Willow Restaurant and Garden,مطاعم,31.9545655,35.8972067,2,سهرة، جلسات شبابية وعائلية، أكل وشرب,مطعم ويلو هو معلم مميز في عمان ضمن تصنيف (مطاعم) يقع في ش. الملك ناصيف، عمّان.,4.5,314,ش. الملك ناصيف، عمّان,https://maps.google.com/?cid=7926636735666011358,07 8566 9933,http://willowamman.com/,5:00 م – 1:00 ص,5:00 م – 1:00 ص,5:00 م – 1:00 ص,5:00 م – 1:00 ص,5:00 م – 1:00 ص,5:00 م – 1:00 ص,5:00 م – 1:00 ص
ChIJscyw336gHBURR-XrHbURuiU,مطعم روميرو,Romero Restaurant,مطاعم,31.9526973,35.9123412,2,سهرة، جلسات شبابية وعائلية، أكل وشرب,"مطعم روميرو هو معلم مميز في عمان ضمن تصنيف (مطاعم) يقع في Romero Restaurant / The Living Room Restaurant, Mohammad Hussein Haykal St 3، عمّان.",4.4,1667,"Romero Restaurant / The Living Room Restaurant, Mohammad Hussein Haykal St 3، عمّان",https://maps.google.com/?cid=2718504794660267335,07 7846 4655,https://romerogroup.jo/,12:00–11:00 م,12:00–11:00 م,12:00–11:00 م,12:00–11:00 م,12:00–11:00 م,12:00–11:00 م,12:00–11:00 م
ChIJdTAobj-hHBURqTOfK-uxLb4,مطاعم تريبل 7,Triple 7 Restaurants,مطاعم,31.9744955,35.8667516,2,سهرة، جلسات شبابية وعائلية، أكل وشرب,Triple 7 Restaurants هو معلم مميز في عمان ضمن تصنيف (مطاعم) يقع في ش. مكة، عمّان.,4.7,2335,ش. مكة، عمّان,https://maps.google.com/?cid=13703804864765572009,07 9112 2777,https://triplesevenjo.com/,9:00 ص – 1:00 ص,9:00 ص – 1:00 ص,9:00 ص – 1:00 ص,9:00 ص – 1:00 ص,9:00 ص – 1:00 ص,9:00 ص – 1:00 ص,9:00 ص – 1:00 ص
ChIJC9_pN32gHBUR8nCrVF9MvxE,لوكا ستيك هاوس,Lucca Steakhouse,مطاعم,31.95262,35.9049075,2,سهرة، جلسات شبابية وعائلية، أكل وشرب,Lucca Steakhouse هو معلم مميز في عمان ضمن تصنيف (مطاعم) يقع في عمّان.,4.6,3562,عمّان,https://maps.google.com/?cid=1278824791522636018,07 7889 9666,http://instagram.com/luccasteakhouse,12:00 م – 12:00 ص,12:00 م – 12:00 ص,12:00 م – 12:00 ص,12:00 م – 12:00 ص,12:00 م – 12:00 ص,12:00 م – 12:00 ص,12:00 م – 12:00 ص
ChIJJTIwUQuhHBURNJoP7p7fj8c,أوليفا بيتزا وباستا - الشميساني,Oliva Pizza and Pasta - Shmeisani,مطاعم,31.9695317,35.8996798,2,سهرة، جلسات شبابية وعائلية، أكل وشرب,Oliva Pizza and Pasta - Shmeisani هو معلم مميز في عمان ضمن تصنيف (مطاعم) يقع في شارع الثقافة 20، عمّان.,4.8,2967,شارع الثقافة 20، عمّان,https://maps.google.com/?cid=14379958008909109812,(06) 465 4600,http://www.olivajordan.com/,12:00–11:30 م,12:00–11:30 م,12:00–11:30 م,12:00–11:30 م,12:00–11:30 م,1:30–11:30 م,12:00–11:30 م
ChIJ1_-3m82hHBUR8RuleW9zVWQ,روبرتوز عمان,Roberto's Amman,مطاعم,31.9608291,35.8823945,2,سهرة، جلسات شبابية وعائلية، أكل وشرب,"Roberto's Amman هو معلم مميز في عمان ضمن تصنيف (مطاعم) يقع في 5th Circle, ش. الكندي، عمّان.",4.2,565,"5th Circle, ش. الكندي، عمّان",https://maps.google.com/?cid=7229811699432627185,(06) 550 1560,https://robertosamman.com/,1:00 م – 12:00 ص,1:00 م – 12:00 ص,1:00 م – 12:00 ص,1:00 م – 12:00 ص,1:00 م – 12:00 ص,1:00 م – 1:00 ص,1:00 م – 1:00 ص
ChIJifs9KIWhHBURqg_R_DLaHWE,سيتي مول,City Mall,مولات,31.9800739,35.8366624,3,عائلي، تسوق، مطاعم ومحلات,سيتي مول هو معلم مميز في عمان ضمن تصنيف (مولات) يقع في King Abdulla II Street، عمّان.,4.4,37674,King Abdulla II Street، عمّان,https://maps.google.com/?cid=6997989308528398250,(06) 586 8502,https://www.citymall.jo/,9:00 ص – 12:00 ص,9:00 ص – 12:00 ص,9:00 ص – 12:00 ص,9:00 ص – 12:00 ص,9:00 ص – 12:00 ص,9:00 ص – 12:00 ص,9:00 ص – 12:00 ص
ChIJ46ny4eugHBURdX2rVgnL8aA,تاج مول,Taj Mall,مولات,31.9404477,35.8882999,3,عائلي، تسوق، مطاعم ومحلات,تاج مول هو معلم مميز في عمان ضمن تصنيف (مولات) يقع في ش. الأمير هاشم، عمّان.,4.3,27906,ش. الأمير هاشم، عمّان,https://maps.google.com/?cid=11597273756424961397,(06) 592 1122,http://www.tajmall.com/,10:00 ص – 10:00 م,10:00 ص – 10:00 م,10:00 ص – 10:00 م,10:00 ص – 10:00 م,10:00 ص – 10:00 م,2:00–10:00 م,10:00 ص – 10:00 م
ChIJc1kSdHGgHBURRPGmNOPfU2g,العبدلي مول,Abdali Mall,مولات,31.9640567,35.908103,3,عائلي، تسوق، مطاعم ومحلات,العبدلي مول هو معلم مميز في عمان ضمن تصنيف (مولات) يقع في Fourth Floor، Al Istithmar Street، عمّان.,4.4,38537,Fourth Floor، Al Istithmar Street، عمّان,https://maps.google.com/?cid=7517598369945416004,(06) 400 6800,http://www.abdalimall.com/,10:00 ص – 10:00 م,10:00 ص – 10:00 م,10:00 ص – 10:00 م,10:00 ص – 10:00 م,10:00 ص – 10:00 م,12:00–11:30 م,10:00 ص – 10:00 م
ChIJwS-5wQWhHBURR-Ck0O-2NtM,جاليريا مول,The Galleria Mall,مولات,31.958971,35.8625199,3,عائلي، تسوق، مطاعم ومحلات,جاليريا مول هو معلم مميز في عمان ضمن تصنيف (مولات) يقع في ش. عبد الرحيم الحاج محمد، عمّان.,4.2,19823,ش. عبد الرحيم الحاج محمد، عمّان,https://maps.google.com/?cid=15219553131859075143,07 9095 0222,,10:00 ص – 11:00 م,10:00 ص – 11:00 م,10:00 ص – 11:00 م,10:00 ص – 11:00 م,10:00 ص – 11:00 م,2:00–11:00 م,10:00 ص – 11:00 م
ChIJ7dHhw5uhHBURuPkZNq04scc,مكة مول,Mecca Mall,مولات,31.9774589,35.8432268,3,عائلي، تسوق، مطاعم ومحلات,مكة مول هو معلم مميز في عمان ضمن تصنيف (مولات) يقع في ش. مكة، عمّان.,4.2,30368,ش. مكة، عمّان,https://maps.google.com/?cid=14389344601013615032,(06) 552 7948,http://www.meccamall.jo/,10:00 ص – 12:00 ص,10:00 ص – 12:00 ص,10:00 ص – 12:00 ص,10:00 ص – 12:00 ص,10:00 ص – 12:00 ص,2:00 م – 12:00 ص,10:00 ص – 12:00 ص
ChIJx1AiYAOhHBURbAz03k0l1vE,البركة مول,Baraka Mall,مولات,31.9554103,35.8662267,3,عائلي، تسوق، مطاعم ومحلات,البركة مول هو معلم مميز في عمان ضمن تصنيف (مولات) يقع في ش. الأميرة تغريد 13، عمّان.,3.9,6401,ش. الأميرة تغريد 13، عمّان,https://maps.google.com/?cid=17426156824539958380,(06) 580 8888,http://www.albarakamall.com/,9:00 ص – 11:00 م,9:00 ص – 11:00 م,9:00 ص – 11:00 م,9:00 ص – 11:00 م,9:00 ص – 11:00 م,9:00 ص – 11:00 م,9:00 ص – 11:00 م
ChIJxYzqKMyhHBURE7ify6a42Hk,عمان مول,Amman Mall,مولات,31.9906197,35.8662669,3,عائلي، تسوق، مطاعم ومحلات,عمان مول هو معلم مميز في عمان ضمن تصنيف (مولات) يقع في ش. وصفي التل 169، عمّان.,4.0,9286,ش. وصفي التل 169، عمّان,https://maps.google.com/?cid=8779970500079106067,(06) 551 4480,https://m.facebook.com/AmmanMallJordan/,10:00 ص – 12:00 ص,10:00 ص – 12:00 ص,10:00 ص – 12:00 ص,10:00 ص – 12:00 ص,10:00 ص – 12:00 ص,10:00 ص – 12:00 ص,10:00 ص – 12:00 ص
ChIJ8bxMy1ehHBURxRKCSIcdk7U,مول البوابة الذهبية,Golden Gate Mall,مولات,31.9669298,35.8754871,3,عائلي، تسوق، مطاعم ومحلات,مول البوابة الذهبية هو معلم مميز في عمان ضمن تصنيف (مولات) يقع في ش. شط العرب، عمّان.,4.2,1671,ش. شط العرب، عمّان,https://maps.google.com/?cid=13083833809315697349,07 9680 0021,https://www.facebook.com/goldengatemalljo/,8:00 ص – 12:00 ص,8:00 ص – 12:00 ص,8:00 ص – 12:00 ص,8:00 ص – 12:00 ص,8:00 ص – 12:00 ص,8:00 ص – 12:00 ص,8:00 ص – 12:00 ص
ChIJ2ZUqc1KhHBURWWixacvWb1c,حي دابوق,Dabouq District,مولات,31.995506,35.8336298,3,عائلي، تسوق، مطاعم ومحلات,"Dabouq District هو معلم مميز في عمان ضمن تصنيف (مولات) يقع في Wasfi al tall street, عمّان.",4.3,1310,"Wasfi al tall street, عمّان",https://maps.google.com/?cid=6300490572854552665,(06) 554 5055,http://www.dabouqdistrict.com/,9:00 ص – 12:00 ص,9:00 ص – 12:00 ص,9:00 ص – 12:00 ص,9:00 ص – 12:00 ص,9:00 ص – 12:00 ص,9:00 ص – 12:00 ص,9:00 ص – 12:00 ص
ChIJAYFJ9puhHBURNRmrGutw5JE,ذا بلازا أوتلتس,The Plaza Outlets,مولات,31.9764024,35.8436789,3,عائلي، تسوق، مطاعم ومحلات,The Plaza Outlets هو معلم مميز في عمان ضمن تصنيف (مولات) يقع في ش. دار الصالحين، عمّان.,3.9,810,ش. دار الصالحين، عمّان,https://maps.google.com/?cid=10512651585256626485,07 9100 3777,http://www.theplazaoutlets.com/,9:46 ص – 11:46 م,9:46 ص – 11:46 م,9:46 ص – 11:46 م,9:46 ص – 11:46 م,9:46 ص – 11:46 م,9:46 ص – 11:46 م,9:46 ص – 11:46 م
ChIJMRbxlQ6hHBURfaBlJ80s8NA,فايف بي مول,5B Mall,مولات,31.9185666,35.9069218,3,عائلي، تسوق، مطاعم ومحلات,فايف بي مول هو معلم مميز في عمان ضمن تصنيف (مولات) يقع في ش. القدس، عمّان.,4.4,2378,ش. القدس، عمّان,https://maps.google.com/?cid=15055582813940457597,07 9601 6688,,نعمل على مدار 24 ساعة,نعمل على مدار 24 ساعة,نعمل على مدار 24 ساعة,نعمل على مدار 24 ساعة,نعمل على مدار 24 ساعة,نعمل على مدار 24 ساعة,نعمل على مدار 24 ساعة
ChIJHaZseXGgHBUROYIYmKL-Po4,بوليڤارد العبدلي,Abdali Boulevard,مولات,31.9644907,35.9090455,3,عائلي، تسوق، مطاعم ومحلات,بوليڤارد العبدلي هو معلم مميز في عمان ضمن تصنيف (مولات) يقع في شارع الاستثمار، عمّان.,4.5,30895,شارع الاستثمار، عمّان,https://maps.google.com/?cid=10249909776231727673,(06) 561 0560,,10:00 ص – 12:00 ص,10:00 ص – 12:00 ص,10:00 ص – 12:00 ص,10:00 ص – 12:00 ص,10:00 ص – 12:00 ص,2:00 م – 12:00 ص,10:00 ص – 12:00 ص
ChIJA4b4NAKhHBURkGb55QnFZzI,افينيو مول,Avenue Mall,مولات,31.9570149,35.8693868,3,عائلي، تسوق، مطاعم ومحلات,افينيو مول هو معلم مميز في عمان ضمن تصنيف (مولات) يقع في ش. صلاح الشمات، عمّان.,4.1,14214,ش. صلاح الشمات، عمّان,https://maps.google.com/?cid=3632088270801299088,(06) 586 4334,https://www.facebook.com/AvenueJordan/,10:00 ص – 10:00 م,10:00 ص – 10:00 م,10:00 ص – 10:00 م,10:00 ص – 10:00 م,10:00 ص – 10:00 م,10:00 ص – 10:00 م,10:00 ص – 10:00 م
ChIJU52cyRqhHBURMS2-I_bviGs,قرية الصويفية,Swefieh Village,مولات,31.9480947,35.8647605,3,عائلي، تسوق، مطاعم ومحلات,"قرية الصويفية هو معلم مميز في عمان ضمن تصنيف (مولات) يقع في Swefieh Village, عمّان.",4.1,4449,"Swefieh Village, عمّان",https://maps.google.com/?cid=7748706999331597617,07 9805 8585,https://m.facebook.com/swefiehvillage/,8:00 ص – 12:00 ص,8:00 ص – 12:00 ص,8:00 ص – 12:00 ص,8:00 ص – 12:00 ص,8:00 ص – 12:00 ص,8:00 ص – 12:00 ص,8:00 ص – 12:00 ص
ChIJlRtnsbqhHBURkv5qfBsYvhU,جاردنز مول,Gardens Mall,مولات,31.9850702,35.8845767,3,عائلي، تسوق، مطاعم ومحلات,Gardens Mall هو معلم مميز في عمان ضمن تصنيف (مولات) يقع في ش. وصفي التل، عمّان.,4.1,694,ش. وصفي التل، عمّان,https://maps.google.com/?cid=1566716226702081682,,https://www.facebook.com/GardensMalljo?mibextid=ZbWKwL,8:00 ص – 11:30 م,8:00 ص – 11:30 م,8:00 ص – 11:30 م,8:00 ص – 11:30 م,8:00 ص – 11:30 م,8:00 ص – 11:30 م,8:00 ص – 11:30 م
ChIJmY2T7PtfGxURSKd-hla3ORQ,الاستقلال مول,Istiklal Mall,مولات,31.979485,35.9220593,3,عائلي، تسوق، مطاعم ومحلات,الاستقلال مول هو معلم مميز في عمان ضمن تصنيف (مولات) يقع في عمّان.,4.0,16581,عمّان,https://maps.google.com/?cid=1457397536682583880,(06) 562 6364,https://www.facebook.com/IstiklalMall/,11:00 ص – 12:00 ص,10:00 ص – 12:00 ص,10:00 ص – 12:00 ص,10:00 ص – 12:00 ص,11:00 ص – 1:00 ص,11:00 ص – 1:00 ص,11:00 ص – 1:00 ص
ChIJxdPsQbNfGxURw6RNohwV6M8,مكسيم مول,Maxim Mall,مولات,31.9681849,35.9178592,3,عائلي، تسوق، مطاعم ومحلات,مكسيم مول هو معلم مميز في عمان ضمن تصنيف (مولات) يقع في مكسيم مول، ش. الجليل، عمّان.,3.9,5629,مكسيم مول، ش. الجليل، عمّان,https://maps.google.com/?cid=14981247373174219971,(06) 566 6281,,11:00 ص – 9:00 م,9:00 ص – 9:00 م,10:00 ص – 12:00 ص,10:00 ص – 12:00 ص,10:00 ص – 12:00 ص,10:00 ص – 12:00 ص,10:00 ص – 12:00 ص
ChIJjfRC8RJgGxUR3p02R3CiPLY,عريفة مول,Areefa Mall,مولات,31.9926869,35.9346918,3,عائلي، تسوق، مطاعم ومحلات,عريفة مول هو معلم مميز في عمان ضمن تصنيف (مولات) يقع في عمّان.,4.0,15021,عمّان,https://maps.google.com/?cid=13131549216620322270,07 9140 1111,https://web.facebook.com/Areefamall/?ref=pages_you_manage,8:00 ص – 12:00 ص,8:00 ص – 12:00 ص,8:00 ص – 12:00 ص,8:00 ص – 12:00 ص,8:00 ص – 12:00 ص,8:00 ص – 12:00 ص,8:00 ص – 11:00 م
ChIJw-ZQIRmgHBURA9tDXXh2XHY,المختار مول,AlMukhtar Mall,مولات,31.9876799,35.8964891,3,عائلي، تسوق، مطاعم ومحلات,المختار مول هو معلم مميز في عمان ضمن تصنيف (مولات) يقع في ش. الملكة رانيا، عمّان.,3.9,12184,ش. الملكة رانيا، عمّان,https://maps.google.com/?cid=8528822053665757955,(06) 515 0000,https://mukhtarstores.com/,10:00 ص – 11:00 م,10:00 ص – 11:00 م,10:00 ص – 11:00 م,10:00 ص – 11:00 م,10:00 ص – 11:00 م,10:00 ص – 11:00 م,10:00 ص – 11:00 م
ChIJ_3TA1XOfHBURZDJohfUabAY,سوق مجدي,Sooq Majdi Mall,مولات,32.0196752,35.8632069,3,عائلي، تسوق، مطاعم ومحلات,سوق مجدي هو معلم مميز في عمان ضمن تصنيف (مولات) يقع في ش. الملكة رانيا، عمّان.,3.7,8177,ش. الملكة رانيا، عمّان,https://maps.google.com/?cid=462774503519826532,(06) 533 8570,https://www.facebook.com/MajdiMall,9:00 ص – 11:00 م,9:00 ص – 11:00 م,9:00 ص – 11:00 م,9:00 ص – 11:00 م,9:00 ص – 11:00 م,9:00 ص – 11:00 م,9:00 ص – 11:00 م
ChIJr4F5XbhfGxURP8k3kzDIXz8,الجامع الحسيني الكبير,Grand Husseini Mosque,"شوارع ومناطق سياحية, مساجد و اماكن دينية",31.9496326,35.9346199,1,ثقافي، تاريخي، صور، سياحة تعليمية,"الجامع الحسيني الكبير هو معلم مميز في عمان ضمن تصنيف (شوارع ومناطق سياحية, مساجد و اماكن دينية) يقع في ش. الملك طلال 1، عمّان.",4.7,23584,ش. الملك طلال 1، عمّان,https://maps.google.com/?cid=4566588658130864447,(06) 461 4101,https://www.trip.com/travel-guide/amman/grand-husseini-mosque-35809691/,4:00 ص – 10:00 م,4:00 ص – 10:00 م,4:00 ص – 10:00 م,4:00 ص – 10:00 م,4:00 ص – 10:00 م,4:00 ص – 10:00 م,4:00 ص – 10:00 م
ChIJc2-oLz2gHBURjJDRVdzzi3M,مسجد الزميلي,Zmaili Mosque,مساجد و اماكن دينية,31.9849647,35.8912075,1,ثقافي، تاريخي، صور، سياحة تعليمية,"مسجد الزميلي هو معلم مميز في عمان ضمن تصنيف (مساجد و اماكن دينية) يقع في 15, عمّان.",4.7,723,"15, عمّان",https://maps.google.com/?cid=8326016463782645900,,,4:30 ص – 10:00 م,4:30 ص – 10:00 م,4:30 ص – 10:00 م,4:30 ص – 10:00 م,4:30 ص – 10:00 م,4:30 ص – 10:00 م,4:30 ص – 10:00 م
ChIJmX2f-gmgHBURAe8V3AbTaVM,مسجد الفضل بن العباس,Fadel Ibn Al-Abbas Mosque,مساجد و اماكن دينية,31.9733003,35.9147049,1,ثقافي، تاريخي، صور، سياحة تعليمية,مسجد الفضل بن العباس هو معلم مميز في عمان ضمن تصنيف (مساجد و اماكن دينية) يقع في العبدلي، عمّان.,4.7,337,العبدلي، عمّان,https://maps.google.com/?cid=6010567204118327041,07 8515 1510,https://jo.jeeran.com/p/al-fadhel-bin-abbas-mosque-amman/,نعمل على مدار 24 ساعة,نعمل على مدار 24 ساعة,نعمل على مدار 24 ساعة,نعمل على مدار 24 ساعة,نعمل على مدار 24 ساعة,نعمل على مدار 24 ساعة,نعمل على مدار 24 ساعة
ChIJz0rrOYafHBURHfqi2h9aHEE,مسجد ضاحية الرشيد,Dahiat Al Rashid Mosque,مساجد و اماكن دينية,32.0019316,35.8816662,1,ثقافي، تاريخي، صور، سياحة تعليمية,مسجد ضاحية الرشيد هو معلم مميز في عمان ضمن تصنيف (مساجد و اماكن دينية) يقع في 2V2J+QMF، عمّان.,4.7,429,2V2J+QMF، عمّان,https://maps.google.com/?cid=4691724004671814173,,https://dellooni.com/ar-jo/u/21031/%D9%85%D8%B3%D8%AC%D8%AF-%D8%A7%D9%84%D9%82%D8%B9%D9%82%D8%A7%D8%B9,4:00 ص – 9:00 م,4:00 ص – 9:00 م,4:00 ص – 9:00 م,4:00 ص – 9:00 م,4:00 ص – 9:00 م,4:00 ص – 9:00 م,4:00 ص – 9:00 م
ChIJuXqLSo9fGxUROijYNl2aEuc,مسجد كلية الشريعة,Sharia College Mosque,مساجد و اماكن دينية,31.9572125,35.9207969,1,ثقافي، تاريخي، صور، سياحة تعليمية,مسجد كلية الشريعة هو معلم مميز في عمان ضمن تصنيف (مساجد و اماكن دينية) يقع في XW4C+V8M، ش. خارجة الأشجعي، عمّان.,4.8,516,XW4C+V8M، ش. خارجة الأشجعي، عمّان,https://maps.google.com/?cid=16650540497484916794,,http://alrai.com/article/10511533/%D8%A3%D8%AE%D8%B1-%D8%A7%D9%84%D8%A7%D8%B3%D8%A8%D9%88%D8%B9/%D9%85%D8%B3%D8%AC%D8%AF-%D8%A7%D9%84%D8%B4%D8%B1%D9%8A%D8%B9%D8%A9-%D8%AA%D8%AD%D9%81%D8%A9-%D9%85%D8%B9%D9%85%D8%A7%D8%B1%D9%8A%D8%A9-%D9%81%D9%8A-%D8%AC%D8%A8%D9%84-%D8%A7%D9%84%D9%84%D9%88%D9%8A%D8%A8%D8%AF%D8%A9,,,,,,,
ChIJc633zRdgGxUR_nhIRpVeOe8,مسجد نبي الله زكريا عليه السلام,Prophet Zakariya Mosque,مساجد و اماكن دينية,32.0026375,35.9280781,1,ثقافي، تاريخي، صور، سياحة تعليمية,"مسجد نبي الله زكريا عليه السلام هو معلم مميز في عمان ضمن تصنيف (مساجد و اماكن دينية) يقع في الخزنه طبربور, 2W3H+364، عمّان.",4.7,336,"الخزنه طبربور, 2W3H+364، عمّان",https://maps.google.com/?cid=17237913043959576830,,,4:00 ص – 10:00 م,4:00 ص – 10:00 م,4:00 ص – 10:00 م,4:00 ص – 10:00 م,4:00 ص – 10:00 م,4:00 ص – 10:00 م,4:00 ص – 10:00 م
ChIJn0gF0SiiHBUR-vcLH8DAKCI,مسجد الملك الحسين رحمه الله,King Hussein Mosque,مساجد و اماكن دينية,31.9857317,35.8229144,1,ثقافي، تاريخي، صور، سياحة تعليمية,مسجد الملك الحسين رحمه الله هو معلم مميز في عمان ضمن تصنيف (مساجد و اماكن دينية) يقع في XRPF+75V، ش. الشعب، عمّان.,4.8,2413,XRPF+75V، ش. الشعب، عمّان,https://maps.google.com/?cid=2461429127745107962,,,11:30 ص – 8:00 م,11:30 ص – 8:00 م,11:30 ص – 8:00 م,11:30 ص – 8:00 م,11:30 ص – 8:00 م,11:30 ص – 8:00 م,11:30 ص – 8:00 م
ChIJ9VQbqAigHBURUOewt1dkqEQ,مسجد الحاج اسحق القواسمي,Al Qawasmi Mosque,مساجد و اماكن دينية,31.9789625,35.9103594,1,ثقافي، تاريخي، صور، سياحة تعليمية,مسجد الحاج اسحق القواسمي هو معلم مميز في عمان ضمن تصنيف (مساجد و اماكن دينية) يقع في XWH6+H4Q، عمّان.,4.8,884,XWH6+H4Q، عمّان,https://maps.google.com/?cid=4947314518573246288,,,3:30 ص – 10:30 م,3:30 ص – 10:30 م,3:30 ص – 10:30 م,3:30 ص – 10:30 م,3:30 ص – 10:30 م,3:30 ص – 10:30 م,3:30 ص – 10:30 م
ChIJHSCtIfqgHBURQgazKYmw2z0,جامع السيدة عائشة,Sayeda Aisha Mosque,مساجد و اماكن دينية,31.953968,35.8809967,1,ثقافي، تاريخي، صور، سياحة تعليمية,جامع السيدة عائشة هو معلم مميز في عمان ضمن تصنيف (مساجد و اماكن دينية) يقع في ش. بور سعيد 26، عمّان.,4.9,743,ش. بور سعيد 26، عمّان,https://maps.google.com/?cid=4457350359369844290,,https://dellooni.com/ar-jo/u/12521/%D9%85%D8%B3%D8%AC%D8%AF-%D8%A7%D9%84%D8%B3%D9%8A%D8%AF%D8%A9-%D8%B9%D8%A7%D8%A6%D8%B4%D8%A9,نعمل على مدار 24 ساعة,نعمل على مدار 24 ساعة,نعمل على مدار 24 ساعة,نعمل على مدار 24 ساعة,نعمل على مدار 24 ساعة,نعمل على مدار 24 ساعة,نعمل على مدار 24 ساعة
ChIJg4mKdfxfGxUR3rW6dVJBmsk,مسجد المغيرة بن شعبة رضي الله عنه,Al-Mughira Bin Shu'ba Mosque,مساجد و اماكن دينية,31.9802875,35.9224219,1,ثقافي، تاريخي، صور، سياحة تعليمية,مسجد المغيرة بن شعبة رضي الله عنه هو معلم مميز في عمان ضمن تصنيف (مساجد و اماكن دينية) يقع في XWJC+4X7، عمّان.,4.8,189,XWJC+4X7، عمّان,https://maps.google.com/?cid=14526995370455250398,,,,,,,,,
ChIJ29tL8EOgHBURbF5X42hX85E,مسجد الفيحاء/ عمان,Fayhaa mosque,مساجد و اماكن دينية,31.9709675,35.8896125,1,ثقافي، تاريخي، صور، سياحة تعليمية,مسجد الفيحاء/ عمان هو معلم مميز في عمان ضمن تصنيف (مساجد و اماكن دينية) يقع في XVCQ+9RQ، عمّان.,4.8,1061,XVCQ+9RQ، عمّان,https://maps.google.com/?cid=10516845662842609260,(06) 565 8534,,,,,,,,
ChIJne9IbSCgHBURkgBshIB07CQ,مسجد الروضة - ضاحية الرشيد,Masjid Dahiyat al Raudha,مساجد و اماكن دينية,31.9944098,35.8920165,1,ثقافي، تاريخي، صور، سياحة تعليمية,مسجد الروضة - ضاحية الرشيد هو معلم مميز في عمان ضمن تصنيف (مساجد و اماكن دينية) يقع في XVVR+QR6، عمّان.,4.7,884,XVVR+QR6، عمّان,https://maps.google.com/?cid=2660629575195426962,,https://jo.jeeran.com/p/al-rawda-mosque-amman/,نعمل على مدار 24 ساعة,نعمل على مدار 24 ساعة,نعمل على مدار 24 ساعة,نعمل على مدار 24 ساعة,نعمل على مدار 24 ساعة,نعمل على مدار 24 ساعة,نعمل على مدار 24 ساعة
ChIJryGcuI2hHBURH1t6ifq0zZI,مسجد الهمشري,Al-Hamshari Mosque,مساجد و اماكن دينية,31.9896617,35.8371133,1,ثقافي، تاريخي، صور، سياحة تعليمية,مسجد الهمشري هو معلم مميز في عمان ضمن تصنيف (مساجد و اماكن دينية) يقع في XRQP+VR9، عمّان.,4.9,1449,XRQP+VR9، عمّان,https://maps.google.com/?cid=10578310087904484127,,https://archnet.org/sites/15709,4:46 ص – 8:45 م,4:46 ص – 8:45 م,4:46 ص – 8:45 م,4:46 ص – 8:45 م,4:46 ص – 8:45 م,4:46 ص – 8:45 م,4:46 ص – 8:45 م
ChIJQ_hdU3agHBUREe5n5PtgZnk,مسجد الملك عبد الله,King Abdullah I Mosque,"شوارع ومناطق سياحية, مساجد و اماكن دينية",31.9611806,35.9128528,1,ثقافي، تاريخي، صور، سياحة تعليمية,"مسجد الملك عبد الله هو معلم مميز في عمان ضمن تصنيف (شوارع ومناطق سياحية, مساجد و اماكن دينية) يقع في XW67+F4H، عمّان.",4.6,7490,XW67+F4H، عمّان,https://maps.google.com/?cid=8747785961198841361,07 9806 2939,,3:20 ص – 10:00 م,3:20 ص – 10:00 م,3:20 ص – 10:00 م,3:20 ص – 10:00 م,3:20 ص – 10:00 م,3:20 ص – 10:00 م,3:20 ص – 10:00 م
ChIJG7G1G6BfGxURhc1jlkTC7uo,مسجد أبو درويش,Abu Darwish Mosque,مساجد و اماكن دينية,31.9415745,35.9374917,1,ثقافي، تاريخي، صور، سياحة تعليمية,"مسجد أبو درويش هو معلم مميز في عمان ضمن تصنيف (مساجد و اماكن دينية) يقع في Jabal Ashrafieh, ش. أبو درويش، عمّان.",4.6,1942,"Jabal Ashrafieh, ش. أبو درويش، عمّان",https://maps.google.com/?cid=16928681649168960901,,,نعمل على مدار 24 ساعة,نعمل على مدار 24 ساعة,نعمل على مدار 24 ساعة,نعمل على مدار 24 ساعة,نعمل على مدار 24 ساعة,نعمل على مدار 24 ساعة,نعمل على مدار 24 ساعة
ChIJTakUeR2gHBURznDcjjXdYvQ,مسجد زكي أبو عيد,Zaki Abu Eid Mosque,مساجد و اماكن دينية,31.9914929,35.9018408,1,ثقافي، تاريخي، صور، سياحة تعليمية,مسجد زكي أبو عيد هو معلم مميز في عمان ضمن تصنيف (مساجد و اماكن دينية) يقع في XWR2+HPW، عمّان.,4.6,403,XWR2+HPW، عمّان,https://maps.google.com/?cid=17609880715071877326,,,نعمل على مدار 24 ساعة,نعمل على مدار 24 ساعة,نعمل على مدار 24 ساعة,نعمل على مدار 24 ساعة,نعمل على مدار 24 ساعة,نعمل على مدار 24 ساعة,نعمل على مدار 24 ساعة
ChIJWSVHr3afHBURz9gWo8Za0mI,مسجد الجامعة الأردنية,Mosque of the University of Jordan,مساجد و اماكن دينية,32.0177612,35.8667229,1,ثقافي، تاريخي، صور، سياحة تعليمية,"مسجد الجامعة الأردنية هو معلم مميز في عمان ضمن تصنيف (مساجد و اماكن دينية) يقع في 2V98+4M5, Al Jamia, عمّان.",4.8,3035,"2V98+4M5, Al Jamia, عمّان",https://maps.google.com/?cid=7120853770012383439,(06) 535 5000,,نعمل على مدار 24 ساعة,نعمل على مدار 24 ساعة,نعمل على مدار 24 ساعة,نعمل على مدار 24 ساعة,نعمل على مدار 24 ساعة,نعمل على مدار 24 ساعة,نعمل على مدار 24 ساعة
ChIJU-9SX7OhHBUR-EmUQOpyrlg,مسجد الكالوتي,AlKalouty Mosque,مساجد و اماكن دينية,31.9774483,35.8705957,1,ثقافي، تاريخي، صور، سياحة تعليمية,مسجد الكالوتي هو معلم مميز في عمان ضمن تصنيف (مساجد و اماكن دينية) يقع في XVGC+X6H، شارع دار الإسلام، عمّان.,4.8,1919,XVGC+X6H، شارع دار الإسلام، عمّان,https://maps.google.com/?cid=6390171271716686328,,https://jo.jeeran.com/p/kaloti-mosque-amman/,4:00 ص – 10:00 م,4:00 ص – 10:00 م,4:00 ص – 10:00 م,4:00 ص – 10:00 م,4:00 ص – 10:00 م,4:00 ص – 10:00 م,4:00 ص – 10:00 م
ChIJswKACfVfGxURRyCgg9-j5AY,مسجد المرحوم الحاج محمد القريني,Al-Qarini Mosque,مساجد و اماكن دينية,31.9694625,35.9168906,1,ثقافي، تاريخي، صور، سياحة تعليمية,مسجد المرحوم الحاج محمد القريني هو معلم مميز في عمان ضمن تصنيف (مساجد و اماكن دينية) يقع في XW98+QQJ، عمّان.,4.7,284,XW98+QQJ، عمّان,https://maps.google.com/?cid=496702039298940999,,,5:00 ص – 8:30 م,5:00 ص – 8:30 م,5:00 ص – 8:30 م,5:00 ص – 8:30 م,5:00 ص – 8:30 م,5:00 ص – 8:30 م,5:00 ص – 8:30 م
ChIJiW1rBmCgHBURzrYOcDOQXFA,مسجد صلاح الدين,Salah al-Din Mosque,مساجد و اماكن دينية,31.9555702,35.8936969,1,ثقافي، تاريخي، صور، سياحة تعليمية,مسجد صلاح الدين هو معلم مميز في عمان ضمن تصنيف (مساجد و اماكن دينية) يقع في ش. إبراهيم أيوب 19، عمّان.,4.8,301,ش. إبراهيم أيوب 19، عمّان,https://maps.google.com/?cid=5790661771489359566,07 9009 3860,https://www.waze.com/livemap/directions/jordan/amman-%D8%B9%D9%85%D8%A7%D9%86/salah-al-din-mosque-%D9%85%D8%B3%D8%AC%D8%AF-%D8%B5%D9%84%D8%A7%D8%AD-%D8%A7%D9%84%D8%AF%D9%8A%D9%86-%D8%A7%D9%84%D8%A3%D9%8A%D9%88%D8%A8%D9%8A-%D8%A7%D9%84%D8%B1%D8%B6%D9%88%D8%A7%D9%86?place=w.23527744.235211900.1944287,نعمل على مدار 24 ساعة,نعمل على مدار 24 ساعة,نعمل على مدار 24 ساعة,نعمل على مدار 24 ساعة,نعمل على مدار 24 ساعة,نعمل على مدار 24 ساعة,نعمل على مدار 24 ساعة
ChIJndplfehfGxURHHnMX89ORYA,متحف الأردن,Jordan Museum,متاحف,31.9457655,35.9271977,2,ثقافي، تاريخي، صور، سياحة تعليمية,متحف الأردن هو معلم مميز في عمان ضمن تصنيف (متاحف) يقع في Ali bin Abi Taleb Street، عمّان.,4.4,4698,Ali bin Abi Taleb Street، عمّان,https://maps.google.com/?cid=9242880462820243740,(06) 462 9317,https://www.jordanmuseum.jo/,9:00 ص – 6:00 م,9:00 ص – 6:00 م,مغلق,9:00 ص – 6:00 م,9:00 ص – 6:00 م,3:00–7:00 م,9:00 ص – 6:00 م
ChIJc34GsimiHBURn5Ikieg1svs,متحف السيارات الملكي,Royal Automobile Museum,متاحف,31.9829052,35.8263597,2,ثقافي، تاريخي، صور، سياحة تعليمية,"متحف السيارات الملكي هو معلم مميز في عمان ضمن تصنيف (متاحف) يقع في At Tibbiyya, عمّان.",4.7,5165,"At Tibbiyya, عمّان",https://maps.google.com/?cid=18136617922223968927,(06) 541 1392,https://www.facebook.com/TheRoyalAutomobileMuseumJordan/,10:00 ص – 8:00 م,10:00 ص – 8:00 م,مغلق,10:00 ص – 8:00 م,10:00 ص – 8:00 م,11:00 ص – 8:00 م,10:00 ص – 8:00 م
ChIJrwauhdlfGxURos2R17mkoRQ,متحف آرمات عمان,Signs of Amman Museum,متاحف,31.9525204,35.9321262,2,ثقافي، تاريخي، صور، سياحة تعليمية,متحف آرمات عمان هو معلم مميز في عمان ضمن تصنيف (متاحف) يقع في وسط البلد عمان، عمّان.,4.9,1098,وسط البلد عمان، عمّان,https://maps.google.com/?cid=1486650470101536162,07 9500 0720,https://www.facebook.com/oldsignsofamman/,10:00 ص – 5:00 م,10:00 ص – 5:00 م,10:00 ص – 5:00 م,10:00 ص – 5:00 م,10:00 ص – 5:00 م,مغلق,10:00 ص – 5:00 م
ChIJM_3P8mRfGxURO3rvAQjTBHQ,متحف الآثار الأردني,Jordan Archaeological Museum,"اماكن أثرية, متاحف",31.9541655,35.9343535,1,ثقافي، تاريخي، صور، سياحة تعليمية,"متحف الآثار الأردني هو معلم مميز في عمان ضمن تصنيف (اماكن أثرية, متاحف) يقع في XW3M+MP9، عمّان.",4.5,787,XW3M+MP9، عمّان,https://maps.google.com/?cid=8360038839652153915,(06) 463 8795,https://culture.gov.jo/AR/ListDetails/%D8%A7%D9%84%D9%85%D8%AA%D8%A7%D8%AD%D9%81/110/2,9:00 ص – 7:00 م,9:00 ص – 7:00 م,9:00 ص – 7:00 م,9:00 ص – 7:00 م,9:00 ص – 7:00 م,9:00 ص – 7:00 م,9:00 ص – 7:00 م
ChIJj_W0dJlfGxURO24glXo0kI8,المتحف الوطني الأردني للفنون الجميلة,Jordan National Gallery of Fine Arts,متاحف,31.9579734,35.9152431,2,ثقافي، تاريخي، صور، سياحة تعليمية,المتحف الوطني الأردني للفنون الجميلة هو معلم مميز في عمان ضمن تصنيف (متاحف) يقع في عمّان.,4.4,1328,عمّان,https://maps.google.com/?cid=10344826045162614331,(06) 463 0128,http://www.nationalgallery.org/,9:00 ص – 5:00 م,9:00 ص – 5:00 م,9:00 ص – 5:00 م,9:00 ص – 5:00 م,9:00 ص – 5:00 م,مغلق,9:00 ص – 5:00 م
ChIJhbB6NwBfGxURUbrRIZiFzMw,جاليري التراث الأردني,Jordan Heritage Gallery,متاحف,31.9559176,35.9250721,2,ثقافي، تاريخي، صور، سياحة تعليمية,Jordan Heritage Gallery هو معلم مميز في عمان ضمن تصنيف (متاحف) يقع في ش. الفرزدق 11، عمّان.,4.8,26,ش. الفرزدق 11، عمّان,https://maps.google.com/?cid=14757316967435188817,07 7773 3033,,1:00–10:00 م,1:00–10:00 م,1:00–10:00 م,1:00–10:00 م,1:00–10:00 م,1:00–10:00 م,1:00–10:00 م
ChIJwQ5NQFJfGxURPK_K36b4XdA,متحف الدبابات الملكي,The Royal Tank Museum,متاحف,31.9087992,35.9244497,2,ثقافي، تاريخي، صور، سياحة تعليمية,متحف الدبابات الملكي هو معلم مميز في عمان ضمن تصنيف (متاحف) يقع في المقابلين، عمّان.,4.7,4223,المقابلين، عمّان,https://maps.google.com/?cid=15014430128325963580,(06) 438 1881,https://rtm.jo/,10:00 ص – 6:00 م,10:00 ص – 6:00 م,مغلق,10:00 ص – 6:00 م,10:00 ص – 6:00 م,10:00 ص – 6:00 م,10:00 ص – 6:00 م
ChIJe9rMTSiiHBURB5kp4NJPzTU,متحف الأطفال,The Children's Museum Jordan,متاحف,31.9842774,35.8264094,2,ثقافي، تاريخي، صور، سياحة تعليمية,متحف الأطفال هو معلم مميز في عمان ضمن تصنيف (متاحف) يقع في ش. سعيد خير، عمّان.,4.5,2747,ش. سعيد خير، عمّان,https://maps.google.com/?cid=3876842621358414087,(06) 541 1479,http://www.cmj.jo/,10:00 ص – 7:00 م,10:00 ص – 7:00 م,مغلق,10:00 ص – 7:00 م,10:00 ص – 7:00 م,10:00 ص – 7:00 م,10:00 ص – 7:00 م
ChIJdYW_sJBfGxURdVyxY1UkgAo,دارة الفنون - مؤسسة خالد شومان,Darat al Funun-The Khalid Shoman Foundation,متاحف,31.9539066,35.930619,2,ثقافي، تاريخي، صور، سياحة تعليمية,دارة الفنون - مؤسسة خالد شومان هو معلم مميز في عمان ضمن تصنيف (متاحف) يقع في شارع نديم الملاح 13، عمّان.,4.6,790,شارع نديم الملاح 13، عمّان,https://maps.google.com/?cid=756644686561631349,(06) 464 3251,http://www.daratalfunun.org/,10:00 ص – 7:00 م,10:00 ص – 7:00 م,10:00 ص – 7:00 م,10:00 ص – 7:00 م,10:00 ص – 7:00 م,مغلق,10:00 ص – 7:00 م
ChIJr4F5XbhfGxURX04GvNrnBog,مرشد محلي,Jordan Folklore Museum,متاحف,31.9516801,35.9388605,2,ثقافي، تاريخي، صور، سياحة تعليمية,مرشد محلي هو معلم مميز في عمان ضمن تصنيف (متاحف) يقع في ش. الهاشمي 91، عمّان.,4.2,213,ش. الهاشمي 91، عمّان,https://maps.google.com/?cid=9801776565661879903,,https://www.tripadvisor.co.za/LocationPhotoDirectLink-g293986-d11947606-i275240940-Jordan_Folklore_Museum-Amman_Amman_Governorate.html,8:00 ص – 7:00 م,8:00 ص – 7:00 م,8:00 ص – 7:00 م,8:00 ص – 7:00 م,8:00 ص – 7:00 م,8:00 ص – 7:00 م,8:00 ص – 7:00 م
ChIJ73PoAr1fGxURoFZBsC0xei4,المتحف الشعبي للحلي والأزياء,Jordanian Museum Of Popular Traditions,متاحف,31.951878,35.9395922,2,ثقافي، تاريخي، صور، سياحة تعليمية,المتحف الشعبي للحلي والأزياء هو معلم مميز في عمان ضمن تصنيف (متاحف) يقع في XW2Q+QR4، عمّان.,4.2,168,XW2Q+QR4، عمّان,https://maps.google.com/?cid=3349043345203746464,(06) 462 9317,http://jordanmuseum.jo/,9:00 ص – 6:00 م,9:00 ص – 6:00 م,مغلق,9:00 ص – 6:00 م,9:00 ص – 6:00 م,3:00–7:00 م,9:00 ص – 6:00 م
ChIJZf04AuxfGxURAJQfT4R8qzw,جاليري عمان بانوراما للوحات والتحف,Amman Panorama Art Gallery,متاحف,31.9535053,35.9389005,2,ثقافي، تاريخي، صور، سياحة تعليمية,جاليري عمان بانوراما للوحات والتحف هو معلم مميز في عمان ضمن تصنيف (متاحف) يقع في Stairs #3، ش. الهاشمي، عمّان.,4.9,697,Stairs #3، ش. الهاشمي، عمّان,https://maps.google.com/?cid=4371724770998195200,07 9097 3280,https://www.ammanpanoramaartgallery.com/,9:30 ص – 7:00 م,9:30 ص – 7:00 م,9:30 ص – 7:00 م,9:30 ص – 7:00 م,9:30 ص – 7:00 م,10:00 ص – 7:00 م,9:30 ص – 7:00 م
ChIJl9AC-YNfGxURq6pl2YPWcS8,متحف الحياة البرلمانية,Parliamentary Life Museum,متاحف,31.9508282,35.921046,2,ثقافي، تاريخي، صور، سياحة تعليمية,متحف الحياة البرلمانية هو معلم مميز في عمان ضمن تصنيف (متاحف) يقع في ش. الكلية العلمية الإسلامية 12، عمّان.,4.7,95,ش. الكلية العلمية الإسلامية 12، عمّان,https://maps.google.com/?cid=3418749453927295659,(06) 464 1038,,10:00 ص – 2:30 م,10:00 ص – 2:30 م,10:00 ص – 2:30 م,10:00 ص – 2:30 م,10:00 ص – 2:30 م,مغلق,مغلق
ChIJuxifuSiiHBURcz23ardMOXU,متحف النبي محمد,Prophet Muhammad Museum,متاحف,31.986703,35.8233784,2,ثقافي، تاريخي، صور، سياحة تعليمية,متحف النبي محمد هو معلم مميز في عمان ضمن تصنيف (متاحف) يقع في XRPF+M9J، عمّان.,4.8,79,XRPF+M9J، عمّان,https://maps.google.com/?cid=8446866926763195763,,https://www.almadenahnews.com/article/150410-%D8%A7%D9%84%D9%85%D9%84%D9%83-%D9%8A%D9%81%D8%AA%D8%AA%D8%AD-%D9%85%D8%AA%D8%AD%D9%81-%D8%A7%D9%84%D8%B1%D8%B3%D9%88%D9%84-%D8%B5%D9%84%D9%89-%D8%A7%D9%84%D9%84%D9%87-%D8%B9%D9%84%D9%8A%D9%87-%D9%88%D8%B3%D9%84%D9%85-%D9%81%D9%8A-%D8%B9%D9%85%D8%A7%D9%86-%D8%B5%D9%88%D8%B1,9:00 ص – 2:00 م,9:00 ص – 2:00 م,9:00 ص – 2:00 م,9:00 ص – 2:00 م,9:00 ص – 2:00 م,مغلق,مغلق
ChIJV7e5TYVfGxUR9lS6QLz68M8,دار الأندى للفنون,Dar Al-Anda Art Gallery,متاحف,31.9534337,35.9282566,2,ثقافي، تاريخي، صور، سياحة تعليمية,Dar Al-Anda Art Gallery هو معلم مميز في عمان ضمن تصنيف (متاحف) يقع في ش. ضرار بن الأزور 3، عمّان.,4.4,218,ش. ضرار بن الأزور 3، عمّان,https://maps.google.com/?cid=14983751646708389110,(06) 462 9596,https://www.daralanda.com/,11:00 ص – 4:00 م,11:00 ص – 4:00 م,11:00 ص – 4:00 م,11:00 ص – 4:00 م,مغلق,مغلق,11:00 ص – 4:00 م
ChIJ9-sjcwOgHBURDerRVl5YmZs,متحف صرح الشهيد,Martyrs' Memorial Museum,متاحف,31.9865948,35.9065501,2,ثقافي، تاريخي، صور، سياحة تعليمية,متحف صرح الشهيد هو معلم مميز في عمان ضمن تصنيف (متاحف) يقع في XWP4+JJM، شارع صرح الشهيد، عمّان.,4.6,538,XWP4+JJM، شارع صرح الشهيد، عمّان,https://maps.google.com/?cid=11212089909522328077,(06) 520 5310,https://www.facebook.com/MartyrsMemorialJO,9:00 ص – 5:00 م,9:00 ص – 5:00 م,مغلق,9:00 ص – 5:00 م,9:00 ص – 5:00 م,1:00–5:00 م,9:00 ص – 5:00 م
ChIJIQrHOXGgHBURCbGTMJD4ssU,المدرج الروماني,Roman Theater,"اماكن أثرية, متاحف",31.9517565,35.9392674,1,ثقافي، تاريخي، صور، سياحة تعليمية,"المدرج الروماني هو معلم مميز في عمان ضمن تصنيف (اماكن أثرية, متاحف) يقع في ش. طه الهاشمي، عمّان.",4.5,22539,ش. طه الهاشمي، عمّان,https://maps.google.com/?cid=14245721869500264713,,http://roman-amphitheater.blogspot.com/,,,,,,,
ChIJf-vMAohfGxURBnS-cU7_DoQ,حديقة المتحف الوطني الأردني للفنون الجميلة,Jordan National Gallery of Fine Arts Park,متاحف,31.9584504,35.9153198,2,ثقافي، تاريخي، صور، سياحة تعليمية,حديقة المتحف الوطني الأردني للفنون الجميلة هو معلم مميز في عمان ضمن تصنيف (متاحف) يقع في XW58+94P، عمّان.,4.5,453,XW58+94P، عمّان,https://maps.google.com/?cid=9515823775061275654,,,8:00 ص – 10:00 م,8:00 ص – 10:00 م,8:00 ص – 10:00 م,8:00 ص – 10:00 م,8:00 ص – 10:00 م,8:00 ص – 10:00 م,8:00 ص – 10:00 م
ChIJC-FswPtfGxUR9T2HpRZ_660,سوق الندى - وسط البلد,Al Nada Souq - Downtown,اسواق شعبية,31.9474964,35.9340075,2,عام، عائلي,سوق الندى - وسط البلد هو معلم مميز في عمان ضمن تصنيف (اسواق شعبية) يقع في ش. قريش 61، عمّان.,4.2,5161,ش. قريش 61، عمّان,https://maps.google.com/?cid=12532250123331649013,,,8:00 ص – 12:00 ص,8:00 ص – 12:00 ص,8:00 ص – 12:00 ص,8:00 ص – 12:00 ص,8:00 ص – 12:00 ص,8:00 ص – 12:00 ص,8:00 ص – 12:00 ص
ChIJW_1ONw1fGxURaLFt-y8qacY,سوق الوحدات الشعبي,AlWehdat Traditional Market,اسواق شعبية,31.9324748,35.9375926,2,عام، عائلي,سوق الوحدات الشعبي هو معلم مميز في عمان ضمن تصنيف (اسواق شعبية) يقع في WWJQ+X2P، عمّان.,3.9,12700,WWJQ+X2P، عمّان,https://maps.google.com/?cid=14297004877634449768,07 8945 3451,,6:00 ص – 9:47 م,6:00 ص – 9:47 م,6:00 ص – 9:47 م,6:00 ص – 9:47 م,6:00 ص – 9:47 م,6:00 ص – 9:47 م,6:00 ص – 9:47 م
ChIJS2Inx5tfGxURxSgul0tLMf0,سوق جارا,Souk Jara,اسواق شعبية,31.949765,35.9303983,2,عام، عائلي,سوق جارا هو معلم مميز في عمان ضمن تصنيف (اسواق شعبية) يقع في WWXJ+W52، ش. الرينبو، عمّان.,4.2,1258,WWXJ+W52، ش. الرينبو، عمّان,https://maps.google.com/?cid=18244446353485605061,07 9787 8248,,مغلق,مغلق,مغلق,مغلق,مغلق,10:00 ص – 10:00 م,مغلق
ChIJd45-_X9fGxUR0OZZadDZwDY,سوق الجمعة راس العين,Friday Market,اسواق شعبية,31.9473622,35.9152737,2,عام، عائلي,سوق الجمعة راس العين هو معلم مميز في عمان ضمن تصنيف (اسواق شعبية) يقع في WWW8+W4R، عمّان.,3.8,6135,WWW8+W4R، عمّان,https://maps.google.com/?cid=3945392762720478928,,,مغلق,مغلق,مغلق,مغلق,9:00 ص – 10:00 م,9:00 ص – 10:00 م,مغلق
ChIJM1jWTJhfGxUR5Z3rSykUUis,بازار البخارية,Albokharyeh Bazar,اسواق شعبية,31.9506645,35.9336547,2,عام، عائلي,Albokharyeh Bazar هو معلم مميز في عمان ضمن تصنيف (اسواق شعبية) يقع في XW2M+7F6، عمّان.,4.2,499,XW2M+7F6، عمّان,https://maps.google.com/?cid=3121579659321122277,,,8:00 ص – 11:00 م,8:00 ص – 11:00 م,8:00 ص – 11:00 م,8:00 ص – 11:00 م,8:00 ص – 11:00 م,8:00 ص – 11:00 م,8:00 ص – 11:00 م
ChIJydwqmPBfGxURWgEuaObzbD8,سوق الحسين الشعبي,Al-Hussein Popular Market,اسواق شعبية,31.9747775,35.9221826,2,عام، عائلي,سوق الحسين الشعبي هو معلم مميز في عمان ضمن تصنيف (اسواق شعبية) يقع في XWFC+WV7، عمّان.,3.6,635,XWFC+WV7، عمّان,https://maps.google.com/?cid=4570295892790083930,,https://www.khaberni.com/news/%D8%A7%D9%84%D9%85%D9%84%D9%83-%D8%B2%D8%A7%D8%B1-%D8%B3%D9%88%D9%82-%D8%A7%D9%84%D8%AD%D8%B3%D9%8A%D9%86-%D8%A7%D9%84%D8%B4%D8%B9%D8%A8%D9%8A-%D8%B5%D9%88-79896-79896,8:30 ص – 8:00 م,8:30 ص – 8:00 م,8:30 ص – 8:00 م,8:30 ص – 8:00 م,8:30 ص – 8:00 م,8:30 ص – 8:00 م,8:30 ص – 8:00 م
ChIJJxxHAnlfGxUR45077uxjzKA,سوق البلد,Souq Al-Balad (Downtown Market),اسواق شعبية,31.9466933,35.9323613,2,عام، عائلي,سوق البلد هو معلم مميز في عمان ضمن تصنيف (اسواق شعبية) يقع في ش. الملك طلال 104، عمّان.,4.4,1945,ش. الملك طلال 104، عمّان,https://maps.google.com/?cid=11586745810577759715,,https://web.facebook.com/profile.php?id=61576696912452,نعمل على مدار 24 ساعة,نعمل على مدار 24 ساعة,نعمل على مدار 24 ساعة,نعمل على مدار 24 ساعة,نعمل على مدار 24 ساعة,نعمل على مدار 24 ساعة,نعمل على مدار 24 ساعة
ChIJnfa4SJhfGxURL3BSNH3LBT0,سوق السكر,Sugar Market,اسواق شعبية,31.949898,35.935242,2,عام، عائلي,سوق السكر هو معلم مميز في عمان ضمن تصنيف (اسواق شعبية) يقع في شارع الصخره المشرفه، عمّان.,4.3,469,شارع الصخره المشرفه، عمّان,https://maps.google.com/?cid=4397144349806325807,,,8:00 ص – 12:00 ص,8:00 ص – 12:00 ص,8:00 ص – 12:00 ص,8:00 ص – 12:00 ص,8:00 ص – 12:00 ص,8:00 ص – 12:00 ص,نعمل على مدار 24 ساعة
ChIJHT3APoGhHBURvWW-dDECJj8,سوق السلطان المركزي,Sultan Market,اسواق شعبية,31.9993559,35.8678226,2,عام، عائلي,سوق السلطان المركزي هو معلم مميز في عمان ضمن تصنيف (اسواق شعبية) يقع في عمّان.,4.1,6168,عمّان,https://maps.google.com/?cid=4550326884939752893,07 9000 0000,,9:00 ص – 10:00 م,9:00 ص – 10:00 م,9:00 ص – 10:00 م,9:00 ص – 10:00 م,9:00 ص – 10:00 م,12:00 ص – 10:00 م,9:00 ص – 10:00 م
ChIJDZeyB5pfGxURYLYcHvkUwRg,سوق مانجو,Souq Mango,اسواق شعبية,31.951418,35.9333359,2,عام، عائلي,Souq Mango هو معلم مميز في عمان ضمن تصنيف (اسواق شعبية) يقع في XW2M+H88، عمّان.,4.3,142,XW2M+H88، عمّان,https://maps.google.com/?cid=1783729987600037472,,https://dellooni.com/ar-jo/u/4774/%D8%B3%D9%88%D9%82-%D9%85%D8%A7%D9%86%D8%AC%D9%88-%D8%A7%D9%84%D9%83%D8%A8%D9%8A%D8%B1,10:00 ص – 9:00 م,10:00 ص – 8:00 م,10:00 ص – 8:00 م,10:00 ص – 9:00 م,10:00 ص – 8:00 م,10:00 ص – 8:00 م,10:00 ص – 8:00 م
ChIJ8aSJjzKhHBURAlgL8SGubo8,سوق عنبر souq amber,Souq Amber Jo,اسواق شعبية,31.9720702,35.9083753,2,عام، عائلي,سوق عنبر souq amber هو معلم مميز في عمان ضمن تصنيف (اسواق شعبية) يقع في ش. الملكة نور، عمّان.,3.9,67,ش. الملكة نور، عمّان,https://maps.google.com/?cid=10335389655663073282,07 9100 1717,http://alrai.com/article/10505560/%D9%85%D8%AD%D9%84%D9%8A%D8%A7%D8%AA/%D8%A7%D9%81%D8%AA%D8%AA%D8%A7%D8%AD-%D8%B3%D9%88%D9%82-%D8%B9%D9%86%D8%A8%D8%B1,9:00 ص – 10:00 م,9:00 ص – 10:00 م,9:00 ص – 10:00 م,8:00 ص – 9:30 م,8:00 ص – 9:30 م,9:00 ص – 10:00 م,9:00 ص – 10:00 م
ChIJ8ZEOrzRfGxURVariab0tSVo,سوق الذهب,Gold Souq,اسواق شعبية,31.951622,35.934082,2,عام، عائلي,سوق الذهب هو معلم مميز في عمان ضمن تصنيف (اسواق شعبية) يقع في XW2M+JJW، عمّان.,4.4,830,XW2M+JJW، عمّان,https://maps.google.com/?cid=6505781428261923413,,,9:00 ص – 9:00 م,9:00 ص – 8:00 م,9:00 ص – 8:00 م,9:00 ص – 8:00 م,9:00 ص – 9:00 م,"9:00 ص – 12:30 م, 2:00–8:00 م",9:00 ص – 8:00 م
ChIJ8RgaFjxfGxURSMgcAd_ZT58,سوق السكر,Souq Al-Sukar,اسواق شعبية,31.949898,35.935242,2,عام، عائلي,"Souq Al-Sukar هو معلم مميز في عمان ضمن تصنيف (اسواق شعبية) يقع في WWXP+X35, Unnamed Road, عمّان.",4.5,222,"WWXP+X35, Unnamed Road, عمّان",https://maps.google.com/?cid=11479633527010281544,,,8:00 ص – 5:00 م,8:00 ص – 5:00 م,8:00 ص – 5:00 م,8:00 ص – 5:00 م,8:00 ص – 5:00 م,مغلق,8:00 ص – 5:00 م
ChIJwXnuJv1dGxUR7HqMKM-XR0U,سوق و بازار الاثنين الشعبي,Monday Popular Souq and Bazaar,اسواق شعبية,31.8863852,36.0264947,2,عام، عائلي,سوق و بازار الاثنين الشعبي هو معلم مميز في عمان ضمن تصنيف (اسواق شعبية) يقع في أحد، عمّان.,3.8,246,أحد، عمّان,https://maps.google.com/?cid=4992125627957803756,,,مغلق,9:00 ص – 5:00 م,مغلق,مغلق,مغلق,مغلق,مغلق
ChIJpQNT5GOfHBUR5MHM2h5e2Fs,سوق الذهب /صويلح,Gold Market Area,اسواق شعبية,32.0227547,35.8414039,2,عام، عائلي,سوق الذهب /صويلح هو معلم مميز في عمان ضمن تصنيف (اسواق شعبية) يقع في الكمالية،، 2RFR+4H2، عمّان.,4.1,1351,الكمالية،، 2RFR+4H2، عمّان,https://maps.google.com/?cid=6618143139033825764,07 9206 4188,,8:00 ص – 9:00 م,8:00 ص – 9:00 م,8:00 ص – 9:00 م,8:00 ص – 9:00 م,8:00 ص – 9:00 م,مغلق,8:00 ص – 9:00 م
ChIJu8DmKPVfGxURSF7jwwqiZ9g,الفئات جبل الحسين,(Hussein markets) Firas roundabout,اسواق شعبية,31.9679921,35.9178638,2,عام، عائلي,"الفئات جبل الحسين هو معلم مميز في عمان ضمن تصنيف (اسواق شعبية) يقع في XW99+54X, Amman.",4.1,7461,"XW99+54X, Amman",https://maps.google.com/?cid=15593610401913462344,(06) 465 8288,,10:00 ص – 10:00 م,10:00 ص – 10:00 م,10:00 ص – 10:00 م,10:00 ص – 10:00 م,10:00 ص – 10:00 م,10:00 ص – 10:00 م,10:00 ص – 10:00 م
ChIJ36r0_MuhHBURM28k1yEqRXo,بازار نعماني,Noumani Bazaar,اسواق شعبية,31.9880874,35.8665492,2,عام، عائلي,"Noumani Bazaar هو معلم مميز في عمان ضمن تصنيف (اسواق شعبية) يقع في Noumani Bazzar, Al Madinah Al Munawarah St 191، عمّان.",4.6,52,"Noumani Bazzar, Al Madinah Al Munawarah St 191، عمّان",https://maps.google.com/?cid=8810494570852020019,(06) 556 1793,,10:00 ص – 9:30 م,10:00 ص – 9:30 م,10:00 ص – 9:30 م,10:00 ص – 9:30 م,10:00 ص – 9:30 م,1:00–9:30 م,10:00 ص – 9:30 م
ChIJeSQIrZdfGxURStKMBmdLMhQ,معبد هرقل الروماني,Roman Temple Of Hercules,"اماكن أثرية, شوارع ومناطق سياحية",31.9538003,35.9348071,1,ثقافي، تاريخي، صور، سياحة تعليمية,"معبد هرقل الروماني هو معلم مميز في عمان ضمن تصنيف (اماكن أثرية, شوارع ومناطق سياحية) يقع في ش. المتحف 132، عمّان.",4.6,2609,ش. المتحف 132، عمّان,https://maps.google.com/?cid=1455308535457698378,07 8508 5912,,8:00 ص – 6:00 م,8:00 ص – 6:00 م,8:00 ص – 6:00 م,8:00 ص – 6:00 م,8:00 ص – 6:00 م,8:00 ص – 6:00 م,8:00 ص – 6:00 م
ChIJI8ybU5ZfGxURbX5jjs8b1oM,قلعة عمان,Amman Citadel,"اماكن أثرية, شوارع ومناطق سياحية",31.9543163,35.9365046,1,ثقافي، تاريخي، صور، سياحة تعليمية,"قلعة عمان هو معلم مميز في عمان ضمن تصنيف (اماكن أثرية, شوارع ومناطق سياحية) يقع في ش. الملك علي بن الحسين 146، عمّان.",4.5,22855,ش. الملك علي بن الحسين 146، عمّان,https://maps.google.com/?cid=9499811042245705325,(06) 463 8795,,10:00 ص – 6:35 م,10:00 ص – 6:35 م,10:00 ص – 6:35 م,10:00 ص – 8:35 م,10:00 ص – 8:35 م,10:00 ص – 8:35 م,10:00 ص – 8:35 م
ChIJIc7mFphfGxURUdNMwQlzNNI,موقع نيمفايوم الأثري,Roman Nymphaeum,اماكن أثرية,31.9502556,35.9360989,1,ثقافي، تاريخي، صور، سياحة تعليمية,موقع نيمفايوم الأثري هو معلم مميز في عمان ضمن تصنيف (اماكن أثرية) يقع في XW2P+4C5، ش. الهاشمي، عمّان.,4.3,2024,XW2P+4C5، ش. الهاشمي، عمّان,https://maps.google.com/?cid=15146857932488758097,,,8:00 ص – 3:00 م,8:00 ص – 3:00 م,8:00 ص – 3:00 م,8:00 ص – 3:00 م,8:00 ص – 3:00 م,مغلق,8:00 ص – 3:00 م
ChIJKyjNsG-nHBURfi4mad_CBn0,تل العميري,Tell Al ‘Umayrī,اماكن أثرية,31.8685803,35.8886128,1,ثقافي، تاريخي، صور، سياحة تعليمية,Tell Al ‘Umayrī هو معلم مميز في عمان ضمن تصنيف (اماكن أثرية) يقع في طريق المطار 472، عمّان.,4.4,20,طريق المطار 472، عمّان,https://maps.google.com/?cid=9009102369398861438,,,,,,,,,
ChIJnVnVXSWlHBURu4sLpTW--vM,قصر عراق الأمير,Iraq AlAmir Palace,اماكن أثرية,31.9128725,35.7519492,1,ثقافي، تاريخي، صور، سياحة تعليمية,قصر عراق الأمير هو معلم مميز في عمان ضمن تصنيف (اماكن أثرية) يقع في WQ72+4QW، عمّان.,4.4,1153,WQ72+4QW، عمّان,https://maps.google.com/?cid=17580573233005693883,(06) 460 3360,,8:30 ص – 4:30 م,8:30 ص – 4:30 م,8:30 ص – 4:30 م,8:30 ص – 4:30 م,8:30 ص – 4:30 م,10:30 ص – 4:00 م,8:30 ص – 4:30 م
ChIJvTMSBr1fGxURHJ5dwfDYGX8,الساحة الهاشمية,The Hashemite Plaza,"اماكن أثرية, شوارع ومناطق سياحية",31.9522067,35.9391666,1,ثقافي، تاريخي، صور، سياحة تعليمية,"الساحة الهاشمية هو معلم مميز في عمان ضمن تصنيف (اماكن أثرية, شوارع ومناطق سياحية) يقع في ش. الهاشمي 97، عمّان.",4.3,29279,ش. الهاشمي 97، عمّان,https://maps.google.com/?cid=9158589845782502940,,https://universes.art/en/art-destinations/jordan/amman/tours/02/hashemite-plaza,7:00 ص – 10:00 م,7:00 ص – 10:00 م,7:00 ص – 10:00 م,7:00 ص – 10:00 م,7:00 ص – 10:00 م,7:00 ص – 10:00 م,7:00 ص – 10:00 م
ChIJp0eYDu2gHBURw753-_vqg0I,معصرة الزيت البيزنطية,Byzantine Oil Press,اماكن أثرية,31.9443368,35.891122,1,ثقافي، تاريخي، صور، سياحة تعليمية,Byzantine Oil Press هو معلم مميز في عمان ضمن تصنيف (اماكن أثرية) يقع في WVVR+PCQ، عمّان.,4.1,93,WVVR+PCQ، عمّان,https://maps.google.com/?cid=4792932796428959427,,,,,,,,,
ChIJsSX-YHRWGxURkkSZJOBC76Y,قصر القسطل,Qasr AlQastal,اماكن أثرية,31.7458181,35.9399023,1,ثقافي، تاريخي، صور، سياحة تعليمية,قصر القسطل هو معلم مميز في عمان ضمن تصنيف (اماكن أثرية) يقع في PWWQ+8XC، عمّان.,4.4,88,PWWQ+8XC، عمّان,https://maps.google.com/?cid=12028906660184016018,,,,,,,,,
ChIJEVUAjZZfGxURmxHDFCXWYQk,القصر الأموي,Umayyad Palace,"اماكن أثرية, شوارع ومناطق سياحية",31.9554471,35.9341529,1,ثقافي، تاريخي، صور، سياحة تعليمية,"القصر الأموي هو معلم مميز في عمان ضمن تصنيف (اماكن أثرية, شوارع ومناطق سياحية) يقع في XW4M+5MC، عمّان.",4.6,566,XW4M+5MC، عمّان,https://maps.google.com/?cid=676056873832747419,(06) 460 3360,,8:00 ص – 7:00 م,8:00 ص – 7:00 م,8:00 ص – 7:00 م,8:00 ص – 7:00 م,8:00 ص – 7:00 م,8:00 ص – 7:00 م,8:00 ص – 7:00 م
ChIJN3wFqmZYGxURlTPZYqPzyR4,تل جاوا,Tall Jawa,اماكن أثرية,31.8582695,35.9315824,1,ثقافي، تاريخي، صور، سياحة تعليمية,تل جاوا هو معلم مميز في عمان ضمن تصنيف (اماكن أثرية) يقع في VW5J+8J4، ش. فضيل الطلافيح، عمّان.,4.0,100,VW5J+8J4، ش. فضيل الطلافيح، عمّان,https://maps.google.com/?cid=2218572174520300437,,https://en.wikipedia.org/wiki/Tall_Jawa,,,,,,,
ChIJvR-Oy0lRGxURqA4IrsfkAoE,قصر المشتى,Qasr AlMushatta,اماكن أثرية,31.7383448,36.0104129,1,ثقافي، تاريخي، صور، سياحة تعليمية,قصر المشتى هو معلم مميز في عمان ضمن تصنيف (اماكن أثرية) يقع في P2Q6+85M، عمّان.,4.1,546,P2Q6+85M، عمّان,https://maps.google.com/?cid=9296244127115513512,07 7220 0323,,9:00 ص – 6:00 م,9:00 ص – 6:00 م,9:00 ص – 6:00 م,9:00 ص – 6:00 م,9:00 ص – 6:00 م,9:00 ص – 6:00 م,9:00 ص – 6:00 م
ChIJf66x-oVYGxURhFnv_UuvnuQ,المعبد الروماني,Roman Temple,اماكن أثرية,31.8710038,35.9254518,1,ثقافي، تاريخي، صور، سياحة تعليمية,Roman Temple هو معلم مميز في عمان ضمن تصنيف (اماكن أثرية) يقع في VWCG+C54، عمّان.,4.4,28,VWCG+C54، عمّان,https://maps.google.com/?cid=16473797227885582724,07 9945 2741,,نعمل على مدار 24 ساعة,نعمل على مدار 24 ساعة,نعمل على مدار 24 ساعة,نعمل على مدار 24 ساعة,نعمل على مدار 24 ساعة,نعمل على مدار 24 ساعة,نعمل على مدار 24 ساعة
ChIJEcCPRZZfGxURVTz5E7F1y8k,الكنيسة البيزنطية,Byzantine Church,اماكن أثرية,31.9545237,35.935139,1,ثقافي، تاريخي، صور، سياحة تعليمية,الكنيسة البيزنطية هو معلم مميز في عمان ضمن تصنيف (اماكن أثرية) يقع في XW3P+R32، عمّان.,4.4,86,XW3P+R32، عمّان,https://maps.google.com/?cid=14540845225300540501,,https://www.alamy.com/byzantine-church-amman-citadel-amman-jordan-image337653771.html,,,,,,,
ChIJsaGlg39fGxURHFDVw9i7byA,يد هرقل,Hand of Hercules,"اماكن أثرية, شوارع ومناطق سياحية",31.9538529,35.934384,1,ثقافي، تاريخي، صور، سياحة تعليمية,"Hand of Hercules هو معلم مميز في عمان ضمن تصنيف (اماكن أثرية, شوارع ومناطق سياحية) يقع في ش. المتحف 132، عمّان.",4.5,90,ش. المتحف 132، عمّان,https://maps.google.com/?cid=2337293271301443612,,,,,,,,,
ChIJOSFmpRugHBURI4wwcWhSUqE,مسبح المدينة المغطى,Madineh Indoor Swimming Pool,مسابح,31.9854066,35.9010059,3,أنشطة ومغامرة، ترفيه، أطفال وشباب,Madineh Indoor Swimming Pool هو معلم مميز في عمان ضمن تصنيف (مسابح) يقع في XWP2+5C6، عمّان.,4.2,70,XWP2+5C6، عمّان,https://maps.google.com/?cid=11624444196725754915,07 9863 2340,,6:00 ص – 10:00 م,6:00 ص – 10:00 م,6:00 ص – 10:00 م,6:00 ص – 10:00 م,6:00 ص – 10:00 م,6:00 ص – 10:00 م,6:00 ص – 10:00 م
ChIJD_T1YgChHBURRv0J1u_Y148,مركز لا بيرلا,La Perla Center,مسابح,31.9881875,35.8284375,3,أنشطة ومغامرة، ترفيه، أطفال وشباب,"La Perla Center هو معلم مميز في عمان ضمن تصنيف (مسابح) يقع في King Abdulla || Street, عمّان.",4.6,461,"King Abdulla || Street, عمّان",https://maps.google.com/?cid=10364991592016248134,07 9191 0024,,8:00 ص – 8:00 م,8:00 ص – 8:00 م,8:00 ص – 8:00 م,8:00 ص – 8:00 م,8:00 ص – 8:00 م,8:00 ص – 8:00 م,8:00 ص – 8:00 م
ChIJKUKRvfSfHBURLrBZ9ReJKrY,مسبح الأرقم - Swimming Pool,Arqam Swimming Pool,مسابح,31.9983801,35.8946963,3,أنشطة ومغامرة، ترفيه، أطفال وشباب,مسبح الأرقم - Swimming Pool هو معلم مميز في عمان ضمن تصنيف (مسابح) يقع في ش. سواد بن عامر، عمّان.,4.3,394,ش. سواد بن عامر، عمّان,https://maps.google.com/?cid=13126454799918280750,07 8888 5568,https://www.facebook.com/ArqamPool,10:00 ص – 10:00 م,10:00 ص – 10:00 م,10:00 ص – 10:00 م,10:00 ص – 10:00 م,10:00 ص – 10:00 م,10:00 ص – 10:00 م,10:00 ص – 10:00 م
ChIJk_vYpmShHBURcGeJlvJJGVM,مسبح الخوارزمي,Khwarizmi swimming pool,مسابح,31.9925539,35.8597837,3,أنشطة ومغامرة، ترفيه، أطفال وشباب,مسبح الخوارزمي هو معلم مميز في عمان ضمن تصنيف (مسابح) يقع في ش. ميرزا وصفي 31-27، عمّان.,4.0,243,ش. ميرزا وصفي 31-27، عمّان,https://maps.google.com/?cid=5987898485822285680,07 9968 5342,https://www.facebook.com/%D9%85%D8%B3%D8%A8%D8%AD-%D8%A7%D9%84%D8%AE%D9%88%D8%A7%D8%B1%D8%B2%D9%85%D9%8A-Khwarizmi-Swimming-Pool-662887470560918/,8:00 ص – 11:00 م,8:00 ص – 11:00 م,8:00 ص – 11:00 م,8:00 ص – 11:00 م,8:00 ص – 11:00 م,8:00 ص – 11:00 م,8:00 ص – 11:00 م
ChIJHZzSLRqgHBURRG2rnaV7LZo,مسابح نادي مدينه الحسين للشبابالمدينة,City Club Swimming Pools,مسابح,31.9853593,35.8999529,3,أنشطة ومغامرة، ترفيه، أطفال وشباب,مسابح نادي مدينه الحسين للشبابالمدينة هو معلم مميز في عمان ضمن تصنيف (مسابح) يقع في ش. الشهيد 13، عمّان.,4.2,461,ش. الشهيد 13، عمّان,https://maps.google.com/?cid=11109671807037959492,(06) 566 7181,http://www.youthcity.gov.jo/arabic1/HTML/index1.html,8:30 ص – 6:00 م,8:30 ص – 6:00 م,8:30 ص – 6:00 م,8:30 ص – 6:00 م,8:30 ص – 6:00 م,8:30 ص – 6:00 م,8:30 ص – 6:00 م
ChIJVXjBngWgHBURmMllPffCS7s,المسبح الأولمبي,Olympic swimming pool,مسابح,31.9812325,35.9068307,3,أنشطة ومغامرة، ترفيه، أطفال وشباب,المسبح الأولمبي هو معلم مميز في عمان ضمن تصنيف (مسابح) يقع في شارع الرياضة 42، عمّان.,4.3,550,شارع الرياضة 42، عمّان,https://maps.google.com/?cid=13496095075488614808,07 8580 9030,http://www.jsf.com.jo/ar/contactUs,10:00 ص – 3:00 م,10:00 ص – 3:00 م,10:00 ص – 3:00 م,10:00 ص – 5:00 م,10:00 ص – 5:00 م,10:00 ص – 5:00 م,10:00 ص – 5:00 م
ChIJL_iyOuGhHBURYyyVG3meF40,حمام الأسد,The lion bath,مسابح,31.9858104,35.8768652,3,أنشطة ومغامرة، ترفيه، أطفال وشباب,"حمام الأسد هو معلم مميز في عمان ضمن تصنيف (مسابح) يقع في Abdullah Bin Kaab st, عمّان.",4.8,146,"Abdullah Bin Kaab st, عمّان",https://maps.google.com/?cid=10166768926803176547,07 9374 7777,,6:00 م – 1:00 ص,6:00 م – 1:00 ص,6:00 م – 1:00 ص,6:00 م – 1:00 ص,6:00 م – 1:00 ص,6:00 م – 1:00 ص,6:00 م – 1:00 ص
ChIJM5RlolmfHBURWZK5l0LBWkM,مسابح وملاعب اكاديمية ليمار,Lemar Academy Swimming Pool,مسابح,32.0376779,35.8801214,3,أنشطة ومغامرة، ترفيه، أطفال وشباب,"مسابح وملاعب اكاديمية ليمار هو معلم مميز في عمان ضمن تصنيف (مسابح) يقع في Fahd Al-Lawzi, عمّان.",4.1,75,"Fahd Al-Lawzi, عمّان",https://maps.google.com/?cid=4853404040202654297,07 9933 1152,https://www.facebook.com/LEMAR.SPORTS?mibextid=ZbWKwL,9:00 ص – 11:00 م,9:00 ص – 11:00 م,9:00 ص – 11:00 م,9:00 ص – 11:00 م,9:00 ص – 11:00 م,9:00 ص – 11:00 م,9:00 ص – 11:00 م
ChIJi3vle1ufHBUR3KV87hOYNYU,مسبح طيبة,Tibah Pool,مسابح,32.0184546,35.8439611,3,أنشطة ومغامرة، ترفيه، أطفال وشباب,"مسبح طيبة هو معلم مميز في عمان ضمن تصنيف (مسابح) يقع في Complex No 25, عمّان.",3.7,152,"Complex No 25, عمّان",https://maps.google.com/?cid=9598745392183027164,,,6:00 ص – 11:00 م,6:00 ص – 11:00 م,6:00 ص – 11:00 م,6:00 ص – 11:00 م,نعمل على مدار 24 ساعة,نعمل على مدار 24 ساعة,6:00 ص – 11:00 م
ChIJ8RFikzGgHBURBHuzlOTpZOU,مسبح نادي عمان,Amman Club Swimming Pool,مسابح,31.9883974,35.8780281,3,أنشطة ومغامرة، ترفيه، أطفال وشباب,مسبح نادي عمان هو معلم مميز في عمان ضمن تصنيف (مسابح) يقع في ش. صبحي القطب، عمّان.,3.6,234,ش. صبحي القطب، عمّان,https://maps.google.com/?cid=16529593700313168644,07 9951 4555,https://www.facebook.com/profile.php?id=100091315707446&mibextid=ZbWKwL,8:30 ص – 11:00 م,8:30 ص – 11:00 م,8:30 ص – 11:00 م,8:30 ص – 11:00 م,8:30 ص – 11:00 م,2:00–11:00 م,8:30 ص – 11:00 م
ChIJARfFXtqhHBURYw4ePVagauM,مسبح مجمع الأمير رعد بن زيد الرياضي,Prince Ra'ad Bin Zeid Sports Complex Pool,مسابح,31.9875503,35.9097111,3,أنشطة ومغامرة، ترفيه، أطفال وشباب,مسبح مجمع الأمير رعد بن زيد الرياضي هو معلم مميز في عمان ضمن تصنيف (مسابح) يقع في XWQ5+2VG، عمّان.,3.9,194,XWQ5+2VG، عمّان,https://maps.google.com/?cid=16387086486393982563,(06) 565 3672,,"11:00 ص – 3:00 م, 8:00–10:00 م","11:00 ص – 3:00 م, 8:00–10:00 م","11:00 ص – 3:00 م, 8:00–10:00 م","11:00 ص – 3:00 م, 8:00–10:00 م","11:00 ص – 3:00 م, 8:00–10:00 م",2:00–10:00 م,"11:00 ص – 3:00 م, 8:00–10:00 م"
ChIJNaoeF5yhHBUR4cPEZKlUF_o,مسبح الياسمين,Al-Yasmeen Swimming Pool,مسابح,31.9249676,35.8994568,3,أنشطة ومغامرة، ترفيه، أطفال وشباب,مسبح الياسمين هو معلم مميز في عمان ضمن تصنيف (مسابح) يقع في الحمرانية،، عمّان.,3.7,402,الحمرانية،، عمّان,https://maps.google.com/?cid=18020965520463152097,07 9529 2860,,9:00 ص – 11:00 م,9:00 ص – 11:00 م,9:00 ص – 11:00 م,9:00 ص – 11:00 م,9:00 ص – 11:00 م,9:00 ص – 11:00 م,9:00 ص – 11:00 م
ChIJCUNgJEyhHBURogW0MAOT-F4,مسبح زيست,Zest Pool,مسابح,31.9602036,35.9041923,3,أنشطة ومغامرة، ترفيه، أطفال وشباب,Zest Pool هو معلم مميز في عمان ضمن تصنيف (مسابح) يقع في XW63+3MP، ش. الشريف حسين، عمّان.,4.2,20,XW63+3MP، ش. الشريف حسين، عمّان,https://maps.google.com/?cid=6843381275700757922,07 9703 3377,http://www.landmarkamman.com/,9:00 ص – 6:00 م,9:00 ص – 6:00 م,9:00 ص – 6:00 م,9:00 ص – 6:00 م,9:00 ص – 6:00 م,9:00 ص – 6:00 م,9:00 ص – 6:00 م
ChIJOehZn_qfHBURg8PUAbMVjAg,مسبح تولين,Toleen pool,مسابح,32.0384041,35.8587676,3,أنشطة ومغامرة، ترفيه، أطفال وشباب,"مسبح تولين هو معلم مميز في عمان ضمن تصنيف (مسابح) يقع في حي القدس الجبيهه بلقرب من مسجد عيد سالم اللوزي, عمّان.",3.5,325,"حي القدس الجبيهه بلقرب من مسجد عيد سالم اللوزي, عمّان",https://maps.google.com/?cid=615891107616965507,07 9579 2223,https://www.facebook.com/toleen.pool/,10:00 ص – 6:00 م,10:00 ص – 6:00 م,10:00 ص – 6:00 م,10:00 ص – 6:00 م,10:00 ص – 6:00 م,10:00 ص – 6:00 م,10:00 ص – 6:00 م
ChIJBxXU-6xfGxURRKB5wht29cU,مسبح الجسور العشرة,Al-Jusoor Al-Ashra Swimming Pool,مسابح,31.9380167,35.9594699,3,أنشطة ومغامرة، ترفيه، أطفال وشباب,"مسبح الجسور العشرة هو معلم مميز في عمان ضمن تصنيف (مسابح) يقع في Al-Jusoor Al-Ashra St, عمّان.",4.0,38,"Al-Jusoor Al-Ashra St, عمّان",https://maps.google.com/?cid=14264437256364859460,07 7055 6608,,4:00 م – 12:00 ص,4:00 م – 12:00 ص,4:00 م – 12:00 ص,4:00 م – 12:00 ص,4:00 م – 12:00 ص,1:30 م – 12:00 ص,4:00 م – 12:00 ص
ChIJQwoDmC2hHBURDewUYtatbg4,أكاديمية تشامبيونز للسباحة - فرع المدينة الرياضية,Champions Swimming Academy Sport City Branch,مسابح,31.987385,35.9097134,3,أنشطة ومغامرة، ترفيه، أطفال وشباب,Champions Swimming Academy Sport City Branch هو معلم مميز في عمان ضمن تصنيف (مسابح) يقع في شارع الرياضة Al، عمّان.,4.1,27,شارع الرياضة Al، عمّان,https://maps.google.com/?cid=1039959700249308173,07 9558 7722,,5:30–7:30 م,4:00–7:45 م,4:00–7:45 م,4:00–7:45 م,4:00–7:45 م,مغلق,4:00–7:45 م
ChIJmYB3FSanHBURN7tfsxk5o-o,قرية المهارات,SKILLS VILLAGE,مسابح,31.88714,35.8302,3,أنشطة ومغامرة، ترفيه، أطفال وشباب,"SKILLS VILLAGE هو معلم مميز في عمان ضمن تصنيف (مسابح) يقع في 31.88714, 35.83020, عمّان.",4.7,357,"31.88714, 35.83020, عمّان",https://maps.google.com/?cid=16907420208625335095,,https://skillsvillage.co/,10:00 ص – 5:30 م,مغلق,10:00 ص – 5:30 م,10:00 ص – 5:30 م,10:00 ص – 5:30 م,10:00 ص – 5:30 م,10:00 ص – 5:30 م
ChIJz33oK-qhHBUROwGS2B9iJSE,فريق بيرانا للسباحة - الصويفية,Piranha Swim Team - Sweifieh,مسابح,31.9511532,35.8601569,3,أنشطة ومغامرة، ترفيه، أطفال وشباب,Piranha Swim Team - Sweifieh هو معلم مميز في عمان ضمن تصنيف (مسابح) يقع في ش. بخيت العيسى 14، عمّان.,4.8,210,ش. بخيت العيسى 14، عمّان,https://maps.google.com/?cid=2388423066306871611,07 9700 5222,https://piranhast.com/?utm_source=GMBlisting&utm_medium=organic&utm_campaign=gmb,8:00 ص – 9:00 م,8:00 ص – 9:00 م,8:00 ص – 9:00 م,8:00 ص – 9:00 م,8:00 ص – 9:00 م,9:00 ص – 9:00 م,8:00 ص – 9:00 م
ChIJKypvbHeoHBUR4mxX9UDW33Q,سيكس يارد للرياضة والترفيه,6 Yard Sports & Entertainment,اماكن كرة قدم (رياضة),32.0000473,35.8745518,2,أنشطة ومغامرة، ترفيه، أطفال وشباب,6 Yard Sports & Entertainment هو معلم مميز في عمان ضمن تصنيف (اماكن كرة قدم (رياضة)) يقع في Al-Madina Al-Munawwara Street، عمّان.,4.7,596,Al-Madina Al-Munawwara Street، عمّان,https://maps.google.com/?cid=8421685402688515298,07 9666 0022,https://6yard.com/,نعمل على مدار 24 ساعة,نعمل على مدار 24 ساعة,نعمل على مدار 24 ساعة,نعمل على مدار 24 ساعة,نعمل على مدار 24 ساعة,نعمل على مدار 24 ساعة,نعمل على مدار 24 ساعة
ChIJmeIwWvehHBURXpWGvp5GGz0,أكاديمية ستاديومز ليجند لكرة القدم,Stadiums Legend Football Academy,اماكن كرة قدم (رياضة),31.9338229,35.845833,2,أنشطة ومغامرة، ترفيه، أطفال وشباب,Stadiums Legend Football Academy هو معلم مميز في عمان ضمن تصنيف (اماكن كرة قدم (رياضة)) يقع في ش. سلمى بن حاطب، عمّان.,4.6,220,ش. سلمى بن حاطب، عمّان,https://maps.google.com/?cid=4403190708300059998,07 9111 1450,http://wwwfacebook.com/stadiumslegend2018,نعمل على مدار 24 ساعة,نعمل على مدار 24 ساعة,نعمل على مدار 24 ساعة,نعمل على مدار 24 ساعة,نعمل على مدار 24 ساعة,نعمل على مدار 24 ساعة,نعمل على مدار 24 ساعة
ChIJ19V0OrOmHBUR3x-I-Mti-bY,نادي عمان لكرة القدم,Amman Football Club,اماكن كرة قدم (رياضة),31.931354,35.8425649,2,أنشطة ومغامرة، ترفيه، أطفال وشباب,Amman Football Club هو معلم مميز في عمان ضمن تصنيف (اماكن كرة قدم (رياضة)) يقع في WRJV+G2W، عمّان.,4.4,268,WRJV+G2W، عمّان,https://maps.google.com/?cid=13184678012291391455,07 9528 8323,https://www.ammanfc.com/,10:00 ص – 10:30 م,10:00 ص – 10:30 م,10:00 ص – 10:30 م,10:00 ص – 10:30 م,10:00 ص – 12:30 ص,10:00 ص – 10:30 م,10:00 ص – 10:30 م
ChIJr9PrDfxfGxURcf-0QefsFFU,ملاعب اليرموك الرياضية,Yarmouk Sports stadiums,اماكن كرة قدم (رياضة),31.9807549,35.921602,2,أنشطة ومغامرة، ترفيه، أطفال وشباب,ملاعب اليرموك الرياضية هو معلم مميز في عمان ضمن تصنيف (اماكن كرة قدم (رياضة)) يقع في ش. الإستقلال، عمّان.,4.1,926,ش. الإستقلال، عمّان,https://maps.google.com/?cid=6130785470742069105,07 9778 8304,,8:00 ص – 12:30 ص,8:00 ص – 12:30 ص,8:00 ص – 12:30 ص,8:00 ص – 12:30 ص,8:00 ص – 12:30 ص,8:00 ص – 12:30 ص,8:00 ص – 12:30 ص
ChIJ7XUrfaShHBURlz7gzjv3hl0,ملاعب سداسية مدينة الحسين للشباب,Hussein Youth City Six-a-side Football Fields,اماكن كرة قدم (رياضة),31.9818254,35.9025911,2,أنشطة ومغامرة، ترفيه، أطفال وشباب,ملاعب سداسية مدينة الحسين للشباب هو معلم مميز في عمان ضمن تصنيف (اماكن كرة قدم (رياضة)) يقع في XWJ3+P2P، عمّان.,4.4,57,XWJ3+P2P، عمّان,https://maps.google.com/?cid=6739345728652459671,07 8160 0016,,8:00 ص – 1:30 ص,8:00 ص – 12:00 ص,8:00 ص – 12:00 ص,8:00 ص – 12:00 ص,8:00 ص – 12:00 ص,8:00 ص – 12:00 ص,8:00 ص – 12:00 ص
ChIJ1QQ59AGgHBUR25SVwFITAaU,البوابة 4 - المدينة الرياضية,"Gate 4, Al Riyadieh Sports City",اماكن كرة قدم (رياضة),31.9882546,35.9099856,2,أنشطة ومغامرة، ترفيه، أطفال وشباب,"Gate 4, Al Riyadieh Sports City هو معلم مميز في عمان ضمن تصنيف (اماكن كرة قدم (رياضة)) يقع في XWQ5+8X5، شارع الرياضة، عمّان.",4.0,175,XWQ5+8X5، شارع الرياضة، عمّان,https://maps.google.com/?cid=11889805737374094555,,,نعمل على مدار 24 ساعة,12:30–7:30 م,12:00–7:00 م,نعمل على مدار 24 ساعة,2:30 م – 8:30 ص,3:00–9:00 م,9:00–11:30 ص
ChIJDUXpmC6hHBUROmTXhXsabZQ,بارك 442 لكرة القدم,442 Football Park,اماكن كرة قدم (رياضة),31.9644051,35.9091519,2,أنشطة ومغامرة، ترفيه، أطفال وشباب,442 Football Park هو معلم مميز في عمان ضمن تصنيف (اماكن كرة قدم (رياضة)) يقع في sulieman al nabulsi street inside Abdali Mall Amman، عمّان.,4.5,80,sulieman al nabulsi street inside Abdali Mall Amman، عمّان,https://maps.google.com/?cid=10695233807903581242,07 9144 2442,http://442footballpark.com/,12:00–10:00 م,12:00–10:00 م,12:00–10:00 م,12:00–11:00 م,12:00–10:00 م,12:00–10:00 م,12:00–10:00 م
ChIJT27cPdihHBURWAXOrLFt1A8,مكة كامبو,Mecca Campo,اماكن كرة قدم (رياضة),31.9745781,35.8471669,2,أنشطة ومغامرة، ترفيه، أطفال وشباب,macc campo هو معلم مميز في عمان ضمن تصنيف (اماكن كرة قدم (رياضة)) يقع في ممدوح الصرايرة، عمّان.,4.6,65,ممدوح الصرايرة، عمّان,https://maps.google.com/?cid=1140657215507400024,07 7750 0025,https://www.facebook.com/profile.php?id=100077690948044,نعمل على مدار 24 ساعة,نعمل على مدار 24 ساعة,نعمل على مدار 24 ساعة,نعمل على مدار 24 ساعة,نعمل على مدار 24 ساعة,نعمل على مدار 24 ساعة,نعمل على مدار 24 ساعة
ChIJS6Q915yhHBURuLO7QG737Aw,تراكس جو,Trax Jo,اماكن كرة قدم (رياضة),31.9757429,35.8386071,2,أنشطة ومغامرة، ترفيه، أطفال وشباب,TraxJo هو معلم مميز في عمان ضمن تصنيف (اماكن كرة قدم (رياضة)) يقع في شارع الملك عبدالله الثاني، عمّان.,4.4,2488,شارع الملك عبدالله الثاني، عمّان,https://maps.google.com/?cid=931391275863356344,07 9106 6622,http://traxjo.com/,8:30 ص – 1:00 ص,8:30 ص – 1:00 ص,8:30 ص – 1:00 ص,8:30 ص – 1:00 ص,8:30 ص – 1:00 ص,8:30 ص – 1:00 ص,8:30 ص – 1:00 ص
ChIJEScdSXVhGxURcuk-MzqmiXw,أكاديمية أرسنال الأردن لكرة القدم,Jordan arsenal football academy,اماكن كرة قدم (رياضة),32.0190242,35.9521626,2,أنشطة ومغامرة، ترفيه، أطفال وشباب,"Jordan arsenal football academy هو معلم مميز في عمان ضمن تصنيف (اماكن كرة قدم (رياضة)) يقع في Army studem, عمّان.",4.9,44,"Army studem, عمّان",https://maps.google.com/?cid=8973886501410498930,07 9686 5895,,نعمل على مدار 24 ساعة,نعمل على مدار 24 ساعة,نعمل على مدار 24 ساعة,نعمل على مدار 24 ساعة,نعمل على مدار 24 ساعة,12:00 ص – 9:30 م,نعمل على مدار 24 ساعة
ChIJpftC0zKgHBURRIIH8SEhgWg,أكاديمية جوردن نايتس لكرة القدم,Jordan Knights FootballAcademy,اماكن كرة قدم (رياضة),31.9309616,35.8446587,2,أنشطة ومغامرة، ترفيه، أطفال وشباب,Jordan Knights FootballAcademy هو معلم مميز في عمان ضمن تصنيف (اماكن كرة قدم (رياضة)) يقع في WRHV+GR، عمّان.,4.3,502,WRHV+GR، عمّان,https://maps.google.com/?cid=7530336481601618500,07 7181 1111,,4:00–11:30 م,4:00–11:30 م,4:00–11:30 م,4:00–11:30 م,4:00–11:30 م,4:00–11:30 م,4:00–11:30 م
ChIJ1XOKLoWhHBURf_JAzvsqI0k,أكاديمية المستقبل لكرة القدم,Future Football Academy,اماكن كرة قدم (رياضة),32.0045018,35.8489441,2,أنشطة ومغامرة، ترفيه، أطفال وشباب,أكاديمية المستقبل لكرة القدم هو معلم مميز في عمان ضمن تصنيف (اماكن كرة قدم (رياضة)) يقع في ش. سباعي بن قيس، عمّان.,4.9,93,ش. سباعي بن قيس، عمّان,https://maps.google.com/?cid=5270103249939133055,07 9636 3610,,10:00 ص – 8:00 م,10:00 ص – 8:00 م,10:00 ص – 8:00 م,10:00 ص – 8:00 م,10:00 ص – 8:00 م,مغلق,10:00 ص – 8:00 م
ChIJDTZejnCnHBUR92tyCKmUwaQ,قرية توينز الرياضية - أكاديمية إيريس الدولية,Twins Sports Village - Iris International Sports Academy,اماكن كرة قدم (رياضة),31.8544567,35.8725328,2,أنشطة ومغامرة، ترفيه، أطفال وشباب,"Twins Sports Village - Iris International Sports Academy هو معلم مميز في عمان ضمن تصنيف (اماكن كرة قدم (رياضة)) يقع في behind the international school of choueifat, عمّان.",4.6,157,"behind the international school of choueifat, عمّان",https://maps.google.com/?cid=11871933546437438455,07 7022 2225,https://www.irissportsjo.com/,نعمل على مدار 24 ساعة,نعمل على مدار 24 ساعة,نعمل على مدار 24 ساعة,نعمل على مدار 24 ساعة,نعمل على مدار 24 ساعة,نعمل على مدار 24 ساعة,نعمل على مدار 24 ساعة
ChIJURjzWOOhHBURTHdHek8x7CM,بارك 442 لكرة القدم - سيتي مول,442 Football Park City Mall,اماكن كرة قدم (رياضة),31.9803662,35.838089,2,أنشطة ومغامرة، ترفيه، أطفال وشباب,442 Football Park City Mall هو معلم مميز في عمان ضمن تصنيف (اماكن كرة قدم (رياضة)) يقع في King Abdullah || Street Inside City Mall 3rd Floor Amman، عمّان.,3.7,27,King Abdullah || Street Inside City Mall 3rd Floor Amman، عمّان,https://maps.google.com/?cid=2588498103254873932,07 9144 2442,https://www.442footballpark.com/,12:00 م – 1:00 ص,12:00 م – 1:00 ص,12:00 م – 1:00 ص,12:00 م – 1:00 ص,12:00 م – 1:00 ص,12:00 م – 1:00 ص,12:00 م – 1:00 ص
ChIJb9wRIQChHBURU9cU6OGIZwA,أكاديمية وملاعب الخطوة الاولى ⚽️🎾(FSA),First Step Academy and Fields (FSA),اماكن كرة قدم (رياضة),31.9852767,35.9135509,2,أنشطة ومغامرة، ترفيه، أطفال وشباب,أكاديمية وملاعب الخطوة الاولى ⚽️🎾(FSA) هو معلم مميز في عمان ضمن تصنيف (اماكن كرة قدم (رياضة)) يقع في XWP7+4C7، شارع عرجان، عمّان.,4.5,81,XWP7+4C7، شارع عرجان، عمّان,https://maps.google.com/?cid=29142426443896659,07 9332 2210,,,,,,,,
ChIJwe2CV86mHBUR3wpsFUNnfGc,أكاديمية تشامبيونز لكرة القدم,Champions Football Academy,اماكن كرة قدم (رياضة),31.9198378,35.8582166,2,أنشطة ومغامرة، ترفيه، أطفال وشباب,Champions Football Academy هو معلم مميز في عمان ضمن تصنيف (اماكن كرة قدم (رياضة)) يقع في WV95+W7P، عمّان.,4.2,277,WV95+W7P، عمّان,https://maps.google.com/?cid=7456948620838570719,07 9667 7481,,نعمل على مدار 24 ساعة,نعمل على مدار 24 ساعة,نعمل على مدار 24 ساعة,نعمل على مدار 24 ساعة,نعمل على مدار 24 ساعة,نعمل على مدار 24 ساعة,نعمل على مدار 24 ساعة
ChIJl5Vskx6hHBURq-KKvFBz7r8,اكاديمية برو الرياضية,Pro Sport Academy,اماكن كرة قدم (رياضة),31.927799,35.856189,2,أنشطة ومغامرة، ترفيه، أطفال وشباب,"اكاديمية برو الرياضية هو معلم مميز في عمان ضمن تصنيف (اماكن كرة قدم (رياضة)) يقع في International Motor Show AIMS, ش. يونس إسلام 9، عمّان.",4.1,46,"International Motor Show AIMS, ش. يونس إسلام 9، عمّان",https://maps.google.com/?cid=13830118296299168427,07 9800 0321,,8:00 ص – 10:00 م,8:00 ص – 10:00 م,8:00 ص – 10:00 م,8:00 ص – 10:00 م,8:00 ص – 10:00 م,8:00 ص – 10:00 م,8:00 ص – 10:00 م
ChIJ2VAvDOunHBUR1_6uthEpEBE,نادي ديونز,DUNES CLUB,اماكن كرة قدم (رياضة),31.853,35.8971,2,أنشطة ومغامرة، ترفيه، أطفال وشباب,"نادي ديونز هو معلم مميز في عمان ضمن تصنيف (اماكن كرة قدم (رياضة)) يقع في Al yadoudeh, Amman.",4.2,2302,"Al yadoudeh, Amman",https://maps.google.com/?cid=1229527854328250071,(06) 412 6330,https://www.dunesclubamman.com/,8:00 ص – 11:30 م,8:00 ص – 11:30 م,8:00 ص – 11:30 م,8:00 ص – 11:30 م,8:00 ص – 11:30 م,8:00 ص – 11:30 م,8:00 ص – 11:30 م
ChIJ13ClKJinHBURaXFt_wF46Y0,ملاعب جوردن جلاكسي,Jordan galaxy stadium,اماكن كرة قدم (رياضة),31.9297393,35.8484681,2,أنشطة ومغامرة، ترفيه، أطفال وشباب,ملاعب جوردن جلاكسي هو معلم مميز في عمان ضمن تصنيف (اماكن كرة قدم (رياضة)) يقع في WRHX+XH، ش. نالتشك، عمّان.,4.3,161,WRHX+XH، ش. نالتشك، عمّان,https://maps.google.com/?cid=10225836378897084777,07 7248 2828,,نعمل على مدار 24 ساعة,نعمل على مدار 24 ساعة,نعمل على مدار 24 ساعة,نعمل على مدار 24 ساعة,نعمل على مدار 24 ساعة,نعمل على مدار 24 ساعة,نعمل على مدار 24 ساعة
ChIJx1O6NEClHBURfRqHxHKpu54,مزرعة سكاي فارم,Sky Farm,مزارع,31.9247407,35.8141131,3,جلسات خارجية، أطفال، طبيعة، عائلي,Sky Farm هو معلم مميز في عمان ضمن تصنيف (مزارع) يقع في عمّان.,4.8,142,عمّان,https://maps.google.com/?cid=11437921989026060925,07 9673 3331,,9:00 ص – 10:00 م,9:00 ص – 10:00 م,9:00 ص – 10:00 م,9:00 ص – 10:00 م,9:00 ص – 10:00 م,9:00 ص – 10:00 م,9:00 ص – 10:00 م
ChIJ0ywkH4enHBUReHFjmfcwRYY,بيت مزرعة القيمرية,Qaimariya Farmhouse,مزارع,31.8717958,35.8970587,3,جلسات خارجية، أطفال، طبيعة، عائلي,Qaimariya Farm House هو معلم مميز في عمان ضمن تصنيف (مزارع) يقع في طريق المطار، عمّان.,4.7,132,طريق المطار، عمّان,https://maps.google.com/?cid=9675193214463865208,07 9100 9993,https://www.facebook.com/Qaimariya.Farmhouse/,نعمل على مدار 24 ساعة,نعمل على مدار 24 ساعة,نعمل على مدار 24 ساعة,نعمل على مدار 24 ساعة,نعمل على مدار 24 ساعة,نعمل على مدار 24 ساعة,نعمل على مدار 24 ساعة
ChIJc84BNxinHBURBWPW-RqUrCU,مزرعة بيت الأصايل ضاحية الصديق,Bait Al-Asayel Farm - Dahiat Al-Sadeeq,مزارع,31.891601,35.866858,3,جلسات خارجية، أطفال، طبيعة، عائلي,مزرعة بيت الأصايل ضاحية الصديق هو معلم مميز في عمان ضمن تصنيف (مزارع) يقع في مرج الحمام، عمّان.,4.4,202,مرج الحمام، عمّان,https://maps.google.com/?cid=2714707518979203845,07 9548 4332,http://www.byatalasayel.com/,نعمل على مدار 24 ساعة,نعمل على مدار 24 ساعة,نعمل على مدار 24 ساعة,نعمل على مدار 24 ساعة,نعمل على مدار 24 ساعة,نعمل على مدار 24 ساعة,نعمل على مدار 24 ساعة
ChIJxapZattXGxUR2Vw_-Na1GIQ,مزرعة تاجين,Tajain Farm,مزارع,31.8057044,35.9775296,3,جلسات خارجية، أطفال، طبيعة، عائلي,مزرعة تاجين هو معلم مميز في عمان ضمن تصنيف (مزارع) يقع في خلف ايكيا، شارع المطار، عمّان.,4.5,119,خلف ايكيا، شارع المطار، عمّان,https://maps.google.com/?cid=9518557747340074201,07 9609 3609,,,,,,,,
ChIJd8Yr6pmdHBUReOombiPS7jM,Mobes Resort - منتجع موبص,Mobes resort,مزارع,32.1031178,35.8733207,3,جلسات خارجية، أطفال، طبيعة، عائلي,Mobes Resort - منتجع موبص هو معلم مميز في عمان ضمن تصنيف (مزارع) يقع في موبص، عمّان.,4.8,62,موبص، عمّان,https://maps.google.com/?cid=3742159390005193336,07 8662 2221,http://www.mobes-resort.com/,نعمل على مدار 24 ساعة,نعمل على مدار 24 ساعة,نعمل على مدار 24 ساعة,نعمل على مدار 24 ساعة,نعمل على مدار 24 ساعة,نعمل على مدار 24 ساعة,نعمل على مدار 24 ساعة
ChIJi1Cno1GcHBURvobFRSZKMGc,مزرعة قلعة النور,Qalaat Al-Noor Farm,مزارع,32.1147965,35.8645681,3,جلسات خارجية، أطفال، طبيعة، عائلي,مزرعة قلعة النور هو معلم مميز في عمان ضمن تصنيف (مزارع) يقع في 4V77+WR8، شارع الأردن، عمّان.,4.3,70,4V77+WR8، شارع الأردن، عمّان,https://maps.google.com/?cid=7435524513028474558,07 9879 2947,https://www.facebook.com/AlnoorCastle/,نعمل على مدار 24 ساعة,نعمل على مدار 24 ساعة,نعمل على مدار 24 ساعة,نعمل على مدار 24 ساعة,نعمل على مدار 24 ساعة,نعمل على مدار 24 ساعة,نعمل على مدار 24 ساعة
ChIJyQNec3d9GxURCaMnhKeyR68,مزرعة هيل توب,Hilltop Farm,مزارع,32.1573653,35.9752251,3,جلسات خارجية، أطفال، طبيعة، عائلي,"Hilltop Farm هو معلم مميز في عمان ضمن تصنيف (مزارع) يقع في Hilltop Street, عمّان.",3.7,43,"Hilltop Street, عمّان",https://maps.google.com/?cid=12630260112530318089,07 9086 1277,https://www.instagram.com/hilltop__farm?igsh=aGhxbXlkOHBzbjFz&utm_source=qr,نعمل على مدار 24 ساعة,نعمل على مدار 24 ساعة,نعمل على مدار 24 ساعة,نعمل على مدار 24 ساعة,نعمل على مدار 24 ساعة,نعمل على مدار 24 ساعة,نعمل على مدار 24 ساعة
ChIJJSMuf5adHBURmDW_SBM77ms,مزرعة الاحلام,AlAhlam Farm,مزارع,32.1256532,35.9078607,3,جلسات خارجية، أطفال، طبيعة، عائلي,مزرعة الاحلام هو معلم مميز في عمان ضمن تصنيف (مزارع) يقع في Unnamed Road، عمّان.,4.2,25,Unnamed Road، عمّان,https://maps.google.com/?cid=7777218560526333336,07 9088 2940,,نعمل على مدار 24 ساعة,نعمل على مدار 24 ساعة,نعمل على مدار 24 ساعة,نعمل على مدار 24 ساعة,نعمل على مدار 24 ساعة,نعمل على مدار 24 ساعة,نعمل على مدار 24 ساعة
ChIJIZOVFt2pHBURLLqJIJz79oI,مزرعة نايا,Naya Farm,مزارع,31.7738173,35.9061467,3,جلسات خارجية، أطفال، طبيعة، عائلي,"Naya Farm هو معلم مميز في عمان ضمن تصنيف (مزارع) يقع في Airport Rd., Amman, Madaba Hwy, Um Al `Amad JO 16197،, طريق المطار، عمّان.",4.0,229,"Airport Rd., Amman, Madaba Hwy, Um Al `Amad JO 16197،, طريق المطار، عمّان",https://maps.google.com/?cid=9437006717180820012,07 9959 9558,,11:00 ص – 6:00 م,11:00 ص – 6:00 م,11:00 ص – 6:00 م,11:00 ص – 6:00 م,11:00 ص – 6:00 م,مغلق,11:00 ص – 6:00 م
ChIJcfWUfvydHBURTfAlKaBYoak,مزرعة النعيم,AlNaeem Farm,مزارع,32.1013435,35.8769151,3,جلسات خارجية، أطفال، طبيعة، عائلي,مزرعة النعيم هو معلم مميز في عمان ضمن تصنيف (مزارع) يقع في 4V2G+GQM، شارع الأردن، عمّان.,3.8,71,4V2G+GQM، شارع الأردن، عمّان,https://maps.google.com/?cid=12223148308568600653,07 9628 9957,,نعمل على مدار 24 ساعة,نعمل على مدار 24 ساعة,نعمل على مدار 24 ساعة,نعمل على مدار 24 ساعة,نعمل على مدار 24 ساعة,نعمل على مدار 24 ساعة,نعمل على مدار 24 ساعة
ChIJZ0_Y5PmhHBUR88P6Dt8V8y8,مزارع ميلينيوم,Millennium Farms,مزارع,31.9629417,35.9067788,3,جلسات خارجية، أطفال، طبيعة، عائلي,"Millennium Farms هو معلم مميز في عمان ضمن تصنيف (مزارع) يقع في Abdali Boulevard, Ayla St., Bldg. 1, 5th Floor, عمّان.",4.5,24,"Abdali Boulevard, Ayla St., Bldg. 1, 5th Floor, عمّان",https://maps.google.com/?cid=3455129386896507891,(06) 510 3838,https://www.millennium-farms.com/,8:00 ص – 4:30 م,8:00 ص – 4:30 م,8:00 ص – 4:30 م,8:00 ص – 4:30 م,8:00 ص – 4:30 م,مغلق,مغلق
ChIJV5xsAI5XGxURFUZjCWyXgtc,مزرعة روساريو,Rosario Farm,مزارع,31.7539589,35.933677,3,جلسات خارجية، أطفال، طبيعة، عائلي,مزرعة روساريو هو معلم مميز في عمان ضمن تصنيف (مزارع) يقع في عمّان.,4.3,66,عمّان,https://maps.google.com/?cid=15529140955396654613,07 9812 2736,https://www.facebook.com/profile.php?id=100075906545935,,,,,,,
ChIJkyzgQa6lHBURH4S813W-qcE,منتزه برادايس,Paradise Park,الأماكن المائية,31.9020243,35.7936367,3,أنشطة ومغامرة، ترفيه، أطفال وشباب,منتزه برادايس هو معلم مميز في عمان ضمن تصنيف (الأماكن المائية) يقع في WQ2V+WF2، شارع البحاث، عمّان.,4.2,379,WQ2V+WF2، شارع البحاث، عمّان,https://maps.google.com/?cid=13954894333724099615,07 9852 3374,,نعمل على مدار 24 ساعة,نعمل على مدار 24 ساعة,نعمل على مدار 24 ساعة,نعمل على مدار 24 ساعة,نعمل على مدار 24 ساعة,نعمل على مدار 24 ساعة,نعمل على مدار 24 ساعة
ChIJ3dc2V5dfGxURcX44IU3XAJo,درج الكلحة,Al Kalha Stairs,شوارع ومناطق سياحية,31.9526507,35.9321256,1,عام، عائلي,درج الكلحة هو معلم مميز في عمان ضمن تصنيف (شوارع ومناطق سياحية) يقع في منطقة المدينة، عمّان.,4.4,258,منطقة المدينة، عمّان,https://maps.google.com/?cid=11097106208110706289,07 7775 9751,,نعمل على مدار 24 ساعة,نعمل على مدار 24 ساعة,نعمل على مدار 24 ساعة,نعمل على مدار 24 ساعة,نعمل على مدار 24 ساعة,نعمل على مدار 24 ساعة,نعمل على مدار 24 ساعة
ChIJf-deBHpfGxURjKf0YYCS92A,شارع الرينبو,Rainbow Street,شوارع ومناطق سياحية,31.9491847,35.92747,1,عام، عائلي,Rainbow Street هو معلم مميز في عمان ضمن تصنيف (شوارع ومناطق سياحية) يقع في WWXG+MXH، ش. الرينبو، عمّان.,4.3,2065,WWXG+MXH، ش. الرينبو، عمّان,https://maps.google.com/?cid=6987214426985506700,,,,,,,,,
ChIJ1zImpwNfGxUR31VbI6Gi6Bc,درج شارع عمر بن الخطاب,Omar Bin Al-Khattab Street Stairs,شوارع ومناطق سياحية,31.9469625,35.9300156,1,عام، عائلي,درج شارع عمر بن الخطاب هو معلم مميز في عمان ضمن تصنيف (شوارع ومناطق سياحية) يقع في WWWJ+Q2J، شارع طاهر الجوقة، عمّان.,4.0,40,WWWJ+Q2J، شارع طاهر الجوقة، عمّان,https://maps.google.com/?cid=1722805670435837407,,,,,,,,,
ChIJ4e6moWFfGxURN3r_0acoi70,درج الشماسي,Al Shamasi Stairs,شوارع ومناطق سياحية,31.9521389,35.9309139,1,عام، عائلي,درج الشماسي هو معلم مميز في عمان ضمن تصنيف (شوارع ومناطق سياحية) يقع في شارع الأمير محمد 13، عمّان.,3.7,29,شارع الأمير محمد 13، عمّان,https://maps.google.com/?cid=13658054996178991671,,,,,,,,,

